nazwa_produktu,producent,jednostka_ceny,waga,średnica,dlugość,szerokość,wysokość,grubość,typ_pakowania,jednostka_zakupu,typ_jednostki_zakupu
TOPROCK SUPER,ROCKWOOL,M2,,,5000,1000,,100,rolka,1,pełna paleta
TOPROCK SUPER,ROCKWOOL,M2,,,4500,1000,,120,rolka,1,pełna paleta
TOPROCK SUPER,ROCKWOOL,M2,,,3500,1000,,150,rolka,1,pełna paleta
TOPROCK SUPER,ROCKWOOL,M2,,,2500,1000,,180,rolka,1,pełna paleta
TOPROCK SUPER,ROCKWOOL,M2,,,2500,1000,,200,rolka,1,pełna paleta
SUPERROCK,ROCKWOOL,M2,,,1000,610,,50,paczka,1,pełna paleta
SUPERROCK,ROCKWOOL,M2,,,1000,610,,60,paczka,1,pełna paleta
SUPERROCK,ROCKWOOL,M2,,,1000,610,,80,paczka,1,pełna paleta
SUPERROCK,ROCKWOOL,M2,,,1000,610,,100,paczka,1,pełna paleta
SUPERROCK,ROCKWOOL,M2,,,1000,610,,120,paczka,1,pełna paleta
SUPERROCK,ROCKWOOL,M2,,,1000,610,,150,paczka,1,pełna paleta
SUPERROCK,ROCKWOOL,M2,,,1000,610,,160,paczka,1,pełna paleta
SUPERROCK,ROCKWOOL,M2,,,1000,610,,200,paczka,1,pełna paleta
MEGAROCK PLUS,ROCKWOOL,M2,,,6000,1000,,100,rolka,1,pełna paleta
MEGAROCK PLUS,ROCKWOOL,M2,,,4000,1000,,150,rolka,1,pełna paleta
MEGAROCK PLUS,ROCKWOOL,M2,,,3500,1000,,180,rolka,1,pełna paleta
MEGAROCK PLUS,ROCKWOOL,M2,,,3000,1000,,200,rolka,1,pełna paleta
ROCKMIN PLUS,ROCKWOOL,M2,,,1000,610,,50,paczka,1,pełna paleta
ROCKMIN PLUS,ROCKWOOL,M2,,,1000,610,,60,paczka,1,pełna paleta
ROCKMIN PLUS,ROCKWOOL,M2,,,1000,610,,70,paczka,1,pełna paleta
ROCKMIN PLUS,ROCKWOOL,M2,,,1000,610,,80,paczka,1,pełna paleta
ROCKMIN PLUS,ROCKWOOL,M2,,,1000,610,,100,paczka,1,pełna paleta
ROCKMIN PLUS,ROCKWOOL,M2,,,1000,610,,120,paczka,1,pełna paleta
ROCKMIN PLUS,ROCKWOOL,M2,,,1000,610,,140,paczka,1,pełna paleta
ROCKMIN PLUS,ROCKWOOL,M2,,,1000,610,,150,paczka,1,pełna paleta
ROCKMIN PLUS,ROCKWOOL,M2,,,1000,610,,160,paczka,1,pełna paleta
ROCKMIN PLUS,ROCKWOOL,M2,,,1000,610,,180,paczka,1,pełna paleta
ROCKMIN PLUS,ROCKWOOL,M2,,,1000,610,,200,paczka,1,pełna paleta
UNIROCK,ROCKWOOL,M2,,,1000,610,,50,paczka,1,pełna paleta
UNIROCK,ROCKWOOL,M2,,,1000,610,,70,paczka,1,pełna paleta
UNIROCK,ROCKWOOL,M2,,,1000,610,,100,paczka,1,pełna paleta
UNIROCK,ROCKWOOL,M2,,,1000,610,,150,paczka,1,pełna paleta
Wspornik nakrokwiowy,ROCKWOOL,szt,,,,180,,,,80,szt
Wspornik nakrokwiowy,ROCKWOOL,szt,,,,120,,,,80,szt
ROCKTECT Intello Climate Plus,ROCKWOOL,M2,,,5000,1500,,0.4,,,
ROCKTECT Twinline,ROCKWOOL,szt,,,25000,6,,,,,
ROCKSONIC SUPER,ROCKWOOL,M2,,,1000,610,,50,paczka,1,pełna paleta
ROCKSONIC SUPER,ROCKWOOL,M2,,,1000,610,,75,paczka,1,pełna paleta
ROCKSONIC SUPER,ROCKWOOL,M2,,,1000,610,,100,paczka,1,pełna paleta
ROCKTON,ROCKWOOL,M2,,,1000,610,,40,paczka,1,pełna paleta
ROCKTON,ROCKWOOL,M2,,,1000,610,,50,paczka,1,pełna paleta
ROCKTON,ROCKWOOL,M2,,,1000,610,,60,paczka,1,pełna paleta
ROCKTON,ROCKWOOL,M2,,,1000,610,,70,paczka,1,pełna paleta
ROCKTON,ROCKWOOL,M2,,,1000,610,,80,paczka,1,pełna paleta
ROCKTON,ROCKWOOL,M2,,,1000,610,,100,paczka,1,pełna paleta
ROCKTON,ROCKWOOL,M2,,,1000,610,,120,paczka,1,pełna paleta
ROCKTON,ROCKWOOL,M2,,,1000,610,,140,paczka,1,pełna paleta
ROCKTON,ROCKWOOL,M2,,,1000,610,,150,paczka,1,pełna paleta
ROCKTON,ROCKWOOL,M2,,,1000,610,,180,paczka,1,pełna paleta
ROCKTON,ROCKWOOL,M2,,,1000,610,,200,paczka,1,pełna paleta
STEPROCK HD,ROCKWOOL,M2,,,1000,600,,20,paczka,1,pełna paleta
STEPROCK HD,ROCKWOOL,M2,,,1000,600,,30,paczka,1,pełna paleta
STEPROCK HD,ROCKWOOL,M2,,,1000,600,,40,paczka,1,pełna paleta
STEPROCK HD,ROCKWOOL,M2,,,1000,600,,50,paczka,1,pełna paleta
STEPROCK HD,ROCKWOOL,M2,,,1000,600,,100,paczka,1,pełna paleta
STEPROCK HD4F,ROCKWOOL,M2,,,1000,600,,30,paczka,1,pełna paleta
STEPROCK HD4F,ROCKWOOL,M2,,,1000,600,,40,paczka,1,pełna paleta
STEPROCK HD4F,ROCKWOOL,M2,,,1000,600,,50,paczka,1,pełna paleta
FIREROCK,ROCKWOOL,M2,,,1000,600,,25,karton,1,pełna paleta
FIREROCK,ROCKWOOL,M2,,,1000,600,,30,karton,1,pełna paleta
FRONTROCK PLUS,ROCKWOOL,M2,,,1000,600,,50,paczka,1,pełna paleta
FRONTROCK PLUS,ROCKWOOL,M2,,,1000,600,,60,paczka,1,pełna paleta
FRONTROCK PLUS,ROCKWOOL,M2,,,1000,600,,80,paczka,1,pełna paleta
FRONTROCK PLUS,ROCKWOOL,M2,,,1000,600,,100,paczka,1,pełna paleta
FRONTROCK PLUS,ROCKWOOL,M2,,,1000,600,,120,paczka,1,pełna paleta
FRONTROCK PLUS,ROCKWOOL,M2,,,1000,600,,140,paczka,1,pełna paleta
FRONTROCK PLUS,ROCKWOOL,M2,,,1000,600,,150,paczka,1,pełna paleta
FRONTROCK PLUS,ROCKWOOL,M2,,,,,,160,,,
FRONTROCK PLUS,ROCKWOOL,M2,,,,,,180,,,
FRONTROCK PLUS,ROCKWOOL,M2,,,,,,200,,,
FRONTROCK PLUS,ROCKWOOL,M2,,,,,,220,,,
FRONTROCK PLUS,ROCKWOOL,M2,,,,,,240,,,
FRONTROCK PLUS,ROCKWOOL,M2,,,,,,250,,,
FRONTROCK SUPER,ROCKWOOL,M2,,,1000,600,,80,paczka,1,pełna paleta
FRONTROCK SUPER,ROCKWOOL,M2,,,1000,600,,100,paczka,1,pełna paleta
FRONTROCK SUPER,ROCKWOOL,M2,,,1000,600,,120,paczka,1,pełna paleta
FRONTROCK SUPER,ROCKWOOL,M2,,,1000,600,,140,paczka,1,pełna paleta
FRONTROCK SUPER,ROCKWOOL,M2,,,1000,600,,150,paczka,1,pełna paleta
FRONTROCK SUPER,ROCKWOOL,M2,,,1000,600,,160,paczka,1,pełna paleta
FRONTROCK SUPER,ROCKWOOL,M2,,,1000,600,,180,paczka,1,pełna paleta
FRONTROCK SUPER,ROCKWOOL,M2,,,1000,600,,200,paczka,1,pełna paleta
FRONTROCK L,ROCKWOOL,M2,,,1200,200,,50,paczka,1,pełna paleta
FRONTROCK L,ROCKWOOL,M2,,,1200,200,,100,paczka,1,pełna paleta
FRONTROCK L,ROCKWOOL,M2,,,1200,200,,120,paczka,1,pełna paleta
FRONTROCK L,ROCKWOOL,M2,,,1200,200,,150,paczka,1,pełna paleta
FRONTROCK L,ROCKWOOL,M2,,,1200,200,,200,paczka,1,pełna paleta
FRONTROCK S,ROCKWOOL,M2,,,1000,600,,20,paczka,1,pełna paleta
FRONTROCK S,ROCKWOOL,M2,,,1000,600,,30,paczka,1,pełna paleta
FRONTROCK S,ROCKWOOL,M2,,,1000,600,,40,paczka,1,pełna paleta
FRONTROCK S,ROCKWOOL,M2,,,1000,600,,50,paczka,1,pełna paleta
FASROCK G,ROCKWOOL,M2,,,1000,200,,50,paleta,1,pełna paleta
FASROCK G,ROCKWOOL,M2,,,1000,200,,80,paleta,1,pełna paleta
FASROCK G,ROCKWOOL,M2,,,1000,200,,100,paleta,1,pełna paleta
FASROCK G,ROCKWOOL,M2,,,1000,200,,120,paleta,1,pełna paleta
FASROCK G,ROCKWOOL,M2,,,1000,200,,150,paleta,1,pełna paleta
FASROCK G,ROCKWOOL,M2,,,1000,200,,200,paleta,1,pełna paleta
Siatka osłonowa,ROCKWOOL,szt,,,7000,2600,,,,7,szt
Siatka osłonowa,ROCKWOOL,szt,,,14000,2600,,,,7,szt
Nóż do wełny,ROCKWOOL,szt,,,,,,,,10,szt
Ubranie robocze,ROCKWOOL,szt,,,,,,,,10,szt
Ubranie robocze,ROCKWOOL,szt,,,,,,,,10,szt
Ubranie robocze,ROCKWOOL,szt,,,,,,,,10,szt
VENTIROCK PLUS,ROCKWOOL,M2,,,1000,600,,50,paczka,1,pełna paleta
VENTIROCK PLUS,ROCKWOOL,M2,,,1000,600,,60,paczka,1,pełna paleta
VENTIROCK PLUS,ROCKWOOL,M2,,,1000,600,,80,paczka,1,pełna paleta
VENTIROCK PLUS,ROCKWOOL,M2,,,1000,600,,100,paczka,1,pełna paleta
VENTIROCK PLUS,ROCKWOOL,M2,,,1000,600,,120,paczka,1,pełna paleta
VENTIROCK PLUS,ROCKWOOL,M2,,,1000,600,,150,paczka,1,pełna paleta
VENTIROCK PLUS,ROCKWOOL,M2,,,1000,600,,160,paczka,1,pełna paleta
VENTIROCK PLUS,ROCKWOOL,M2,,,1000,600,,180,paczka,1,pełna paleta
VENTIROCK PLUS,ROCKWOOL,M2,,,1000,600,,200,paczka,1,pełna paleta
VENTIROCK F PLUS,ROCKWOOL,M2,,,1000,600,,50,paczka,1,pełna paleta
VENTIROCK F PLUS,ROCKWOOL,M2,,,1000,600,,60,paczka,1,pełna paleta
VENTIROCK F PLUS,ROCKWOOL,M2,,,1000,600,,80,paczka,1,pełna paleta
VENTIROCK F PLUS,ROCKWOOL,M2,,,1000,600,,100,paczka,1,pełna paleta
VENTIROCK F PLUS,ROCKWOOL,M2,,,1000,600,,120,paczka,1,pełna paleta
VENTIROCK F PLUS,ROCKWOOL,M2,,,1000,600,,140,paczka,1,pełna paleta
VENTIROCK F PLUS,ROCKWOOL,M2,,,1000,600,,150,paczka,1,pełna paleta
VENTIROCK F PLUS,ROCKWOOL,M2,,,1000,600,,160,paczka,1,pełna paleta
VENTIROCK F PLUS,ROCKWOOL,M2,,,1000,600,,180,paczka,1,pełna paleta
VENTIROCK F PLUS,ROCKWOOL,M2,,,1000,600,,200,paczka,1,pełna paleta
WENTIROCK SUPER,ROCKWOOL,M2,,,1000,600,,50,paczka,1,pełna paleta
WENTIROCK SUPER,ROCKWOOL,M2,,,1000,600,,60,paczka,1,pełna paleta
WENTIROCK SUPER,ROCKWOOL,M2,,,1000,600,,80,paczka,1,pełna paleta
WENTIROCK SUPER,ROCKWOOL,M2,,,1000,600,,100,paczka,1,pełna paleta
WENTIROCK SUPER,ROCKWOOL,M2,,,1000,600,,120,paczka,1,pełna paleta
WENTIROCK SUPER,ROCKWOOL,M2,,,1000,600,,150,paczka,1,pełna paleta
WENTIROCK SUPER,ROCKWOOL,M2,,,1000,600,,180,paczka,1,pełna paleta
WENTIROCK SUPER,ROCKWOOL,M2,,,1000,600,,200,paczka,1,pełna paleta
WENTIROCK F SUPER,ROCKWOOL,M2,,,1000,600,,50,paczka,1,pełna paleta
WENTIROCK F SUPER,ROCKWOOL,M2,,,1000,600,,60,paczka,1,pełna paleta
WENTIROCK F SUPER,ROCKWOOL,M2,,,1000,600,,80,paczka,1,pełna paleta
WENTIROCK F SUPER,ROCKWOOL,M2,,,1000,600,,100,paczka,1,pełna paleta
WENTIROCK F SUPER,ROCKWOOL,M2,,,1000,600,,120,paczka,1,pełna paleta
WENTIROCK F SUPER,ROCKWOOL,M2,,,1000,600,,150,paczka,1,pełna paleta
WENTIROCK F SUPER,ROCKWOOL,M2,,,1000,600,,160,paczka,1,pełna paleta
WENTIROCK F SUPER,ROCKWOOL,M2,,,1000,600,,180,paczka,1,pełna paleta
WENTIROCK F SUPER,ROCKWOOL,M2,,,1000,600,,200,paczka,1,pełna paleta
HARDROCK MAX,ROCKWOOL,M2,,,2000,1200,,50,paleta,1,pełna paleta
HARDROCK MAX,ROCKWOOL,M2,,,2000,1200,,80,paleta,1,pełna paleta
HARDROCK MAX,ROCKWOOL,M2,,,2000,1200,,100,paleta,1,pełna paleta
HARDROCK MAX,ROCKWOOL,M2,,,2000,1200,,120,paleta,1,pełna paleta
HARDROCK MAX,ROCKWOOL,M2,,,2000,1200,,130,paleta,1,pełna paleta
HARDROCK MAX,ROCKWOOL,M2,,,2000,1200,,150,paleta,1,pełna paleta
MONROCK MAX E,ROCKWOOL,M2,,,2000,1200,,50,paleta,1,pełna paleta
MONROCK MAX E,ROCKWOOL,M2,,,2000,1200,,80,paleta,1,pełna paleta
MONROCK MAX E,ROCKWOOL,M2,,,2000,1200,,100,paleta,1,pełna paleta
MONROCK MAX E,ROCKWOOL,M2,,,2000,1200,,150,paleta,1,pełna paleta
MONROCK MAX E,ROCKWOOL,M2,,,2000,1200,,160,paleta,1,pełna paleta
MONROCK MAX E,ROCKWOOL,M2,,,2000,1200,,200,paleta,1,pełna paleta
MONROCK MAX E,ROCKWOOL,M2,,,2000,1200,,240,paleta,1,pełna paleta
Paroizolacja ROCKFOL SK 18234 II,ROCKWOOL,M2,,,25000,1580,,,,,
ROOFROCK 30 E,ROCKWOOL,M2,,,2000,1200,,70,paleta,1,pełna paleta
ROOFROCK 30 E,ROCKWOOL,M2,,,2000,1200,,80,paleta,1,pełna paleta
ROOFROCK 30 E,ROCKWOOL,M2,,,2000,1200,,100,paleta,1,pełna paleta
ROOFROCK 30 E,ROCKWOOL,M2,,,2000,1200,,130,paleta,1,pełna paleta
ROOFROCK 30 E,ROCKWOOL,M2,,,2000,1200,,150,paleta,1,pełna paleta
ROOFROCK 30 E,ROCKWOOL,M2,,,2000,1200,,190,paleta,1,pełna paleta
ROOFROCK 30 E,ROCKWOOL,M2,,,2000,1200,,200,paleta,1,pełna paleta
Otuliny TECLIT PS,ROCKWOOL,M,,,,15,,20,paleta,1,pełna paleta
Otuliny TECLIT PS,ROCKWOOL,M,,,,18,,20,paleta,1,pełna paleta
Otuliny TECLIT PS,ROCKWOOL,M,,,,18,,25,paleta,1,pełna paleta
Otuliny TECLIT PS,ROCKWOOL,M,,,,22,,20,paleta,1,pełna paleta
Otuliny TECLIT PS,ROCKWOOL,M,,,,22,,25,paleta,1,pełna paleta
Otuliny TECLIT PS,ROCKWOOL,M,,,,22,,30,paleta,1,pełna paleta
Otuliny TECLIT PS,ROCKWOOL,M,,,,28,,20,paleta,1,pełna paleta
Otuliny TECLIT PS,ROCKWOOL,M,,,,28,,25,paleta,1,pełna paleta
Otuliny TECLIT PS,ROCKWOOL,M,,,,28,,30,paleta,1,pełna paleta
Otuliny TECLIT PS,ROCKWOOL,M,,,,35,,20,paleta,1,pełna paleta
Otuliny TECLIT PS,ROCKWOOL,M,,,,35,,25,paleta,1,pełna paleta
Otuliny TECLIT PS,ROCKWOOL,M,,,,35,,30,paleta,1,pełna paleta
Otuliny TECLIT PS,ROCKWOOL,M,,,,35,,40,paleta,1,pełna paleta
Otuliny TECLIT PS,ROCKWOOL,M,,,,42,,20,paleta,1,pełna paleta
Otuliny TECLIT PS,ROCKWOOL,M,,,,42,,25,paleta,1,pełna paleta
Otuliny TECLIT PS,ROCKWOOL,M,,,,42,,30,paleta,1,pełna paleta
Otuliny TECLIT PS,ROCKWOOL,M,,,,42,,40,paleta,1,pełna paleta
Otuliny TECLIT PS,ROCKWOOL,M,,,,48,,20,paleta,1,pełna paleta
Otuliny TECLIT PS,ROCKWOOL,M,,,,48,,25,paleta,1,pełna paleta
Otuliny TECLIT PS,ROCKWOOL,M,,,,48,,30,paleta,1,pełna paleta
Otuliny TECLIT PS,ROCKWOOL,M,,,,48,,40,paleta,1,pełna paleta
Otuliny TECLIT PS,ROCKWOOL,M,,,,48,,50,paleta,1,pełna paleta
Otuliny TECLIT PS,ROCKWOOL,M,,,,54,,20,paleta,1,pełna paleta
Otuliny TECLIT PS,ROCKWOOL,M,,,,54,,25,paleta,1,pełna paleta
Otuliny TECLIT PS,ROCKWOOL,M,,,,54,,30,paleta,1,pełna paleta
Otuliny TECLIT PS,ROCKWOOL,M,,,,54,,40,paleta,1,pełna paleta
Otuliny TECLIT PS,ROCKWOOL,M,,,,54,,50,paleta,1,pełna paleta
Otuliny TECLIT PS,ROCKWOOL,M,,,,54,,60,paleta,1,pełna paleta
Otuliny TECLIT PS,ROCKWOOL,M,,,,60,,20,paleta,1,pełna paleta
Otuliny TECLIT PS,ROCKWOOL,M,,,,60,,25,paleta,1,pełna paleta
Otuliny TECLIT PS,ROCKWOOL,M,,,,60,,30,paleta,1,pełna paleta
Otuliny TECLIT PS,ROCKWOOL,M,,,,60,,40,paleta,1,pełna paleta
Otuliny TECLIT PS,ROCKWOOL,M,,,,60,,50,paleta,1,pełna paleta
Otuliny TECLIT PS,ROCKWOOL,M,,,,60,,60,paleta,1,pełna paleta
Otuliny TECLIT PS,ROCKWOOL,M,,,,64,,20,paleta,1,pełna paleta
Otuliny TECLIT PS,ROCKWOOL,M,,,,64,,25,paleta,1,pełna paleta
Otuliny TECLIT PS,ROCKWOOL,M,,,,64,,30,paleta,1,pełna paleta
Otuliny TECLIT PS,ROCKWOOL,M,,,,64,,40,paleta,1,pełna paleta
Otuliny TECLIT PS,ROCKWOOL,M,,,,64,,50,paleta,1,pełna paleta
Otuliny TECLIT PS,ROCKWOOL,M,,,,64,,60,paleta,1,pełna paleta
Otuliny TECLIT PS,ROCKWOOL,M,,,,64,,70,paleta,1,pełna paleta
Otuliny TECLIT PS,ROCKWOOL,M,,,,70,,20,paleta,1,pełna paleta
Otuliny TECLIT PS,ROCKWOOL,M,,,,70,,25,paleta,1,pełna paleta
Otuliny TECLIT PS,ROCKWOOL,M,,,,70,,30,paleta,1,pełna paleta
Otuliny TECLIT PS,ROCKWOOL,M,,,,70,,40,paleta,1,pełna paleta
Otuliny TECLIT PS,ROCKWOOL,M,,,,70,,50,paleta,1,pełna paleta
Otuliny TECLIT PS,ROCKWOOL,M,,,,70,,70,paleta,1,pełna paleta
Otuliny TECLIT PS,ROCKWOOL,M,,,,76,,20,paleta,1,pełna paleta
Otuliny TECLIT PS,ROCKWOOL,M,,,,76,,25,paleta,1,pełna paleta
Otuliny TECLIT PS,ROCKWOOL,M,,,,76,,30,paleta,1,pełna paleta
Otuliny TECLIT PS,ROCKWOOL,M,,,,76,,40,paleta,1,pełna paleta
Otuliny TECLIT PS,ROCKWOOL,M,,,,76,,50,paleta,1,pełna paleta
Otuliny TECLIT PS,ROCKWOOL,M,,,,76,,70,paleta,1,pełna paleta
Otuliny TECLIT PS,ROCKWOOL,M,,,,76,,80,paleta,1,pełna paleta
Otuliny TECLIT PS,ROCKWOOL,M,,,,89,,20,paleta,1,pełna paleta
Otuliny TECLIT PS,ROCKWOOL,M,,,,89,,25,paleta,1,pełna paleta
Otuliny TECLIT PS,ROCKWOOL,M,,,,89,,30,paleta,1,pełna paleta
Otuliny TECLIT PS,ROCKWOOL,M,,,,89,,40,paleta,1,pełna paleta
Otuliny TECLIT PS,ROCKWOOL,M,,,,89,,50,paleta,1,pełna paleta
Otuliny TECLIT PS,ROCKWOOL,M,,,,89,,100,paleta,1,pełna paleta
Otuliny TECLIT PS,ROCKWOOL,M,,,,108,,25,paleta,1,pełna paleta
Otuliny TECLIT PS,ROCKWOOL,M,,,,108,,30,paleta,1,pełna paleta
Otuliny TECLIT PS,ROCKWOOL,M,,,,108,,40,paleta,1,pełna paleta
Otuliny TECLIT PS,ROCKWOOL,M,,,,108,,50,paleta,1,pełna paleta
Otuliny TECLIT PS,ROCKWOOL,M,,,,108,,80,paleta,1,pełna paleta
Otuliny TECLIT PS,ROCKWOOL,M,,,,108,,100,paleta,1,pełna paleta
Otuliny TECLIT PS,ROCKWOOL,M,,,,114,,25,paleta,1,pełna paleta
Otuliny TECLIT PS,ROCKWOOL,M,,,,114,,30,paleta,1,pełna paleta
Otuliny TECLIT PS,ROCKWOOL,M,,,,114,,40,paleta,1,pełna paleta
Otuliny TECLIT PS,ROCKWOOL,M,,,,114,,50,paleta,1,pełna paleta
Otuliny TECLIT PS,ROCKWOOL,M,,,,114,,100,paleta,1,pełna paleta
Otuliny TECLIT PS,ROCKWOOL,M,,,,133,,25,paleta,1,pełna paleta
Otuliny TECLIT PS,ROCKWOOL,M,,,,133,,30,paleta,1,pełna paleta
Otuliny TECLIT PS,ROCKWOOL,M,,,,133,,40,paleta,1,pełna paleta
Otuliny TECLIT PS,ROCKWOOL,M,,,,133,,50,paleta,1,pełna paleta
Otuliny TECLIT PS,ROCKWOOL,M,,,,133,,100,paleta,1,pełna paleta
Otuliny TECLIT PS,ROCKWOOL,M,,,,140,,25,paleta,1,pełna paleta
Otuliny TECLIT PS,ROCKWOOL,M,,,,140,,30,paleta,1,pełna paleta
Otuliny TECLIT PS,ROCKWOOL,M,,,,140,,40,paleta,1,pełna paleta
Otuliny TECLIT PS,ROCKWOOL,M,,,,140,,50,paleta,1,pełna paleta
Otuliny TECLIT PS,ROCKWOOL,M,,,,140,,100,paleta,1,pełna paleta
Otuliny TECLIT PS,ROCKWOOL,M,,,,159,,25,paleta,1,pełna paleta
Otuliny TECLIT PS,ROCKWOOL,M,,,,159,,30,paleta,1,pełna paleta
Otuliny TECLIT PS,ROCKWOOL,M,,,,159,,40,paleta,1,pełna paleta
Otuliny TECLIT PS,ROCKWOOL,M,,,,159,,50,paleta,1,pełna paleta
Otuliny TECLIT PS,ROCKWOOL,M,,,,159,,100,paleta,1,pełna paleta
Otuliny TECLIT PS,ROCKWOOL,M,,,,169,,40,paleta,1,pełna paleta
Otuliny TECLIT PS,ROCKWOOL,M,,,,169,,50,paleta,1,pełna paleta
Otuliny TECLIT PS,ROCKWOOL,M,,,,169,,100,paleta,1,pełna paleta
Otuliny TECLIT PS,ROCKWOOL,M,,,,219,,40,paleta,1,pełna paleta
Otuliny TECLIT PS,ROCKWOOL,M,,,,219,,50,paleta,1,pełna paleta
Otuliny TECLIT PS,ROCKWOOL,M,,,,219,,100,paleta,1,pełna paleta
Mata TECLIT LM,ROCKWOOL,M2,,,10000,1000,,20,paleta,1,pełna paleta
Mata TECLIT LM,ROCKWOOL,M2,,,10000,1000,,25,paleta,1,pełna paleta
Mata TECLIT LM,ROCKWOOL,M2,,,8000,1000,,30,paleta,1,pełna paleta
Mata TECLIT LM,ROCKWOOL,M2,,,6000,1000,,40,paleta,1,pełna paleta
Mata TECLIT LM,ROCKWOOL,M2,,,5000,1000,,50,paleta,1,pełna paleta
Mata TECLIT LM,ROCKWOOL,M2,,,10000,1000,,20,rolka,,
Mata TECLIT LM,ROCKWOOL,M2,,,10000,1000,,25,rolka,,
Mata TECLIT LM,ROCKWOOL,M2,,,8000,1000,,30,rolka,,
Mata TECLIT LM,ROCKWOOL,M2,,,6000,1000,,40,rolka,,
Mata TECLIT LM,ROCKWOOL,M2,,,5000,1000,,50,rolka,,
Uchwyt TECLIT HA,ROCKWOOL,szt,,,,15,,20,karton,1,paczka
Uchwyt TECLIT HA,ROCKWOOL,szt,,,,18,,20,karton,1,paczka
Uchwyt TECLIT HA,ROCKWOOL,szt,,,,18,,25,karton,1,paczka
Uchwyt TECLIT HA,ROCKWOOL,szt,,,,22,,20,karton,1,paczka
Uchwyt TECLIT HA,ROCKWOOL,szt,,,,22,,25,karton,1,paczka
Uchwyt TECLIT HA,ROCKWOOL,szt,,,,22,,30,karton,1,paczka
Uchwyt TECLIT HA,ROCKWOOL,szt,,,,28,,20,karton,1,paczka
Uchwyt TECLIT HA,ROCKWOOL,szt,,,,28,,25,karton,1,paczka
Uchwyt TECLIT HA,ROCKWOOL,szt,,,,28,,30,karton,1,paczka
Uchwyt TECLIT HA,ROCKWOOL,szt,,,,35,,20,karton,1,paczka
Uchwyt TECLIT HA,ROCKWOOL,szt,,,,35,,25,karton,1,paczka
Uchwyt TECLIT HA,ROCKWOOL,szt,,,,35,,30,karton,1,paczka
Uchwyt TECLIT HA,ROCKWOOL,szt,,,,35,,40,karton,1,paczka
Uchwyt TECLIT HA,ROCKWOOL,szt,,,,42,,20,karton,1,paczka
Uchwyt TECLIT HA,ROCKWOOL,szt,,,,42,,25,karton,1,paczka
Uchwyt TECLIT HA,ROCKWOOL,szt,,,,42,,30,karton,1,paczka
Uchwyt TECLIT HA,ROCKWOOL,szt,,,,42,,40,karton,1,paczka
Uchwyt TECLIT HA,ROCKWOOL,szt,,,,48,,20,karton,1,paczka
Uchwyt TECLIT HA,ROCKWOOL,szt,,,,48,,25,karton,1,paczka
Uchwyt TECLIT HA,ROCKWOOL,szt,,,,48,,30,karton,1,paczka
Uchwyt TECLIT HA,ROCKWOOL,szt,,,,48,,40,karton,1,paczka
Uchwyt TECLIT HA,ROCKWOOL,szt,,,,48,,50,karton,1,paczka
Uchwyt TECLIT HA,ROCKWOOL,szt,,,,54,,20,karton,1,paczka
Uchwyt TECLIT HA,ROCKWOOL,szt,,,,54,,25,karton,1,paczka
Uchwyt TECLIT HA,ROCKWOOL,szt,,,,54,,30,karton,1,paczka
Uchwyt TECLIT HA,ROCKWOOL,szt,,,,54,,40,karton,1,paczka
Uchwyt TECLIT HA,ROCKWOOL,szt,,,,54,,50,karton,1,paczka
Uchwyt TECLIT HA,ROCKWOOL,szt,,,,54,,60,karton,1,paczka
Uchwyt TECLIT HA,ROCKWOOL,szt,,,,60,,20,karton,1,paczka
Uchwyt TECLIT HA,ROCKWOOL,szt,,,,60,,25,karton,1,paczka
Uchwyt TECLIT HA,ROCKWOOL,szt,,,,60,,30,karton,1,paczka
Uchwyt TECLIT HA,ROCKWOOL,szt,,,,60,,40,karton,1,paczka
Uchwyt TECLIT HA,ROCKWOOL,szt,,,,60,,60,karton,1,paczka
Uchwyt TECLIT HA,ROCKWOOL,szt,,,,64,,20,karton,1,paczka
Uchwyt TECLIT HA,ROCKWOOL,szt,,,,64,,25,karton,1,paczka
Uchwyt TECLIT HA,ROCKWOOL,szt,,,,64,,30,karton,1,paczka
Uchwyt TECLIT HA,ROCKWOOL,szt,,,,64,,40,karton,1,paczka
Uchwyt TECLIT HA,ROCKWOOL,szt,,,,64,,60,karton,1,paczka
Uchwyt TECLIT HA,ROCKWOOL,szt,,,,64,,70,karton,1,paczka
Uchwyt TECLIT HA,ROCKWOOL,szt,,,,70,,20,karton,1,paczka
Uchwyt TECLIT HA,ROCKWOOL,szt,,,,70,,25,karton,1,paczka
Uchwyt TECLIT HA,ROCKWOOL,szt,,,,70,,30,karton,1,paczka
Uchwyt TECLIT HA,ROCKWOOL,szt,,,,70,,40,karton,1,paczka
Uchwyt TECLIT HA,ROCKWOOL,szt,,,,70,,70,karton,1,paczka
Uchwyt TECLIT HA,ROCKWOOL,szt,,,,76,,20,karton,1,paczka
Uchwyt TECLIT HA,ROCKWOOL,szt,,,,76,,25,karton,1,paczka
Uchwyt TECLIT HA,ROCKWOOL,szt,,,,76,,30,karton,1,paczka
Uchwyt TECLIT HA,ROCKWOOL,szt,,,,76,,40,karton,1,paczka
Uchwyt TECLIT HA,ROCKWOOL,szt,,,,76,,70,karton,1,paczka
Uchwyt TECLIT HA,ROCKWOOL,szt,,,,76,,80,karton,1,paczka
Uchwyt TECLIT HA,ROCKWOOL,szt,,,,89,,20,karton,1,paczka
Uchwyt TECLIT HA,ROCKWOOL,szt,,,,89,,25,karton,1,paczka
Uchwyt TECLIT HA,ROCKWOOL,szt,,,,89,,30,karton,1,paczka
Uchwyt TECLIT HA,ROCKWOOL,szt,,,,89,,40,karton,1,paczka
Uchwyt TECLIT HA,ROCKWOOL,szt,,,,89,,50,karton,1,paczka
Uchwyt TECLIT HA,ROCKWOOL,szt,,,,89,,100,karton,1,paczka
Uchwyt TECLIT HA,ROCKWOOL,szt,,,,108,,25,karton,1,paczka
Uchwyt TECLIT HA,ROCKWOOL,szt,,,,108,,30,karton,1,paczka
Uchwyt TECLIT HA,ROCKWOOL,szt,,,,108,,40,karton,1,paczka
Uchwyt TECLIT HA,ROCKWOOL,szt,,,,108,,50,karton,1,paczka
Uchwyt TECLIT HA,ROCKWOOL,szt,,,,108,,100,karton,1,paczka
Uchwyt TECLIT HA,ROCKWOOL,szt,,,,114,,25,karton,1,paczka
Uchwyt TECLIT HA,ROCKWOOL,szt,,,,114,,30,karton,1,paczka
Uchwyt TECLIT HA,ROCKWOOL,szt,,,,114,,40,karton,1,paczka
Uchwyt TECLIT HA,ROCKWOOL,szt,,,,114,,50,karton,1,paczka
Uchwyt TECLIT HA,ROCKWOOL,szt,,,,114,,100,karton,1,paczka
Uchwyt TECLIT HA,ROCKWOOL,szt,,,,140,,25,karton,1,paczka
Uchwyt TECLIT HA,ROCKWOOL,szt,,,,140,,30,karton,1,paczka
Uchwyt TECLIT HA,ROCKWOOL,szt,,,,140,,40,karton,1,paczka
Uchwyt TECLIT HA,ROCKWOOL,szt,,,,140,,50,karton,1,paczka
Uchwyt TECLIT HA,ROCKWOOL,szt,,,,140,,100,karton,1,paczka
Uchwyt TECLIT HA,ROCKWOOL,szt,,,,159,,25,karton,1,paczka
Uchwyt TECLIT HA,ROCKWOOL,szt,,,,159,,30,karton,1,paczka
Uchwyt TECLIT HA,ROCKWOOL,szt,,,,159,,40,karton,1,paczka
Uchwyt TECLIT HA,ROCKWOOL,szt,,,,159,,50,karton,1,paczka
Uchwyt TECLIT HA,ROCKWOOL,szt,,,,159,,100,karton,1,paczka
Uchwyt TECLIT HA,ROCKWOOL,szt,,,,169,,40,karton,1,paczka
Uchwyt TECLIT HA,ROCKWOOL,szt,,,,219,,50,karton,1,paczka
Uchwyt TECLIT HA,ROCKWOOL,szt,,,,169,,100,karton,1,paczka
Uchwyt TECLIT HA,ROCKWOOL,szt,,,,219,,40,karton,1,paczka
Uchwyt TECLIT HA,ROCKWOOL,szt,,,,219,,100,karton,1,paczka
TECLIT AT,ROCKWOOL,szt,,,50,50,,,karton,1,paczka
TECLIT AT,ROCKWOOL,szt,,,50,75,,,karton,1,paczka
TECLIT AT,ROCKWOOL,szt,,,50,100,,,karton,1,paczka
TECLIT AT,ROCKWOOL,szt,,,20,50,,,karton,1,paczka
TECLIT AT,ROCKWOOL,szt,,,20,150,,,karton,1,paczka
INDUSTRIAL BATTS BLACK 60,ROCKWOOL,M2,,,2000,1200,,30,paleta,1,pełna paleta
INDUSTRIAL BATTS BLACK 60,ROCKWOOL,M2,,,2000,1200,,50,paleta,1,pełna paleta
INDUSTRIAL BATTS BLACK 60,ROCKWOOL,M2,,,2000,1200,,100,paleta,1,pełna paleta
INDUSTRIAL BATTS BLACK 60Z z dwustronnym welonem,ROCKWOOL,M2,,,2000,1200,,50,paleta,1,pełna paleta
INDUSTRIAL BATTS BLACK 60Z z dwustronnym welonem,ROCKWOOL,M2,,,2000,1200,,100,paleta,1,pełna paleta
INDUSTRIAL BATTS BLACK 80,ROCKWOOL,M2,,,2000,1200,,15,paleta,1,pełna paleta
INDUSTRIAL BATTS BLACK 80,ROCKWOOL,M2,,,2000,1200,,20,paleta,1,pełna paleta
Sternbild,OWA,M2,,,600,600,,15,paczka,1,pełna paleta
Sternbild,OWA,M2,,,600,600,,15,paczka,1,pełna paleta
Sternbild,OWA,M2,,,600,600,,15,paczka,1,pełna paleta
Sternbild,OWA,M2,,,1200,600,,15,paczka,1,pełna paleta
Sternbild,OWA,M2,,,1200,600,,15,paczka,1,pełna paleta
Sternbild,OWA,M2,,,1200,600,,15,paczka,1,pełna paleta
Futura ,OWA,M2,,,600,600,,15,paczka,1,pełna paleta
Futura ,OWA,M2,,,600,600,,15,paczka,1,pełna paleta
Futura ,OWA,M2,,,600,600,,15,paczka,1,pełna paleta
Futura ,OWA,M2,,,1200,600,,15,paczka,1,pełna paleta
Futura ,OWA,M2,,,1200,600,,15,paczka,1,pełna paleta
Futura ,OWA,M2,,,1200,600,,15,paczka,1,pełna paleta
Harmony ,OWA,M2,,,600,600,,15,paczka,1,pełna paleta
Harmony ,OWA,M2,,,600,600,,15,paczka,1,pełna paleta
Harmony ,OWA,M2,,,600,600,,15,paczka,1,pełna paleta
Harmony ,OWA,M2,,,1200,600,,15,paczka,1,pełna paleta
Harmony ,OWA,M2,,,1200,600,,15,paczka,1,pełna paleta
Harmony ,OWA,M2,,,1200,600,,15,paczka,1,pełna paleta
Finetta ,OWA,M2,,,600,600,,15,paczka,1,pełna paleta
Finetta ,OWA,M2,,,600,600,,15,paczka,1,pełna paleta
Finetta ,OWA,M2,,,600,600,,15,paczka,1,pełna paleta
Finetta ,OWA,M2,,,1200,600,,15,paczka,1,pełna paleta
Finetta ,OWA,M2,,,1200,600,,15,paczka,1,pełna paleta
Finetta ,OWA,M2,,,1200,600,,15,paczka,1,pełna paleta
Schlicht ,OWA,M2,,,600,600,,15,paczka,1,pełna paleta
Schlicht ,OWA,M2,,,600,600,,15,paczka,1,pełna paleta
Schlicht ,OWA,M2,,,600,600,,15,paczka,1,pełna paleta
Schlicht ,OWA,M2,,,1200,600,,15,paczka,1,pełna paleta
Schlicht ,OWA,M2,,,1200,600,,15,paczka,1,pełna paleta
Schlicht ,OWA,M2,,,1200,600,,15,paczka,1,pełna paleta
Schlicht ,OWA,M2,,,600,600,,20,paczka,1,pełna paleta
Universal ,OWA,M2,,,600,600,,15,paczka,1,pełna paleta
Universal ,OWA,M2,,,1200,600,,15,paczka,1,pełna paleta
New Sandila O/N ,OWA,M2,,,600,600,,15,paczka,1,pełna paleta
New Sandila O/N ,OWA,M2,,,600,600,,15,paczka,1,pełna paleta
New Sandila O/N ,OWA,M2,,,600,600,,15,paczka,1,pełna paleta
New Sandila O/N ,OWA,M2,,,1200,600,,15,paczka,1,pełna paleta
New Sandila O/N ,OWA,M2,,,1200,600,,15,paczka,1,pełna paleta
New Sandila O/N ,OWA,M2,,,1200,600,,15,paczka,1,pełna paleta
New Sandila NRC ,OWA,M2,,,600,600,,15,paczka,1,pełna paleta
New Sandila NRC ,OWA,M2,,,600,600,,15,paczka,1,pełna paleta
New Sandila NRC ,OWA,M2,,,600,600,,15,paczka,1,pełna paleta
New Sandila NRC ,OWA,M2,,,1200,600,,15,paczka,1,pełna paleta
New Sandila NRC ,OWA,M2,,,1200,600,,15,paczka,1,pełna paleta
New Sandila NRC ,OWA,M2,,,1200,600,,15,paczka,1,pełna paleta
Multi Alpha ,OWA,M2,,,600,600,,15,paczka,1,pełna paleta
Multi Alpha ,OWA,M2,,,1200,600,,15,paczka,1,pełna paleta
Cosmos O/N ,OWA,M2,,,600,600,,15,paczka,1,pełna paleta
Cosmos O/N ,OWA,M2,,,600,600,,15,paczka,1,pełna paleta
Cosmos O/N ,OWA,M2,,,600,600,,15,paczka,1,pełna paleta
Cosmos O/N ,OWA,M2,,,1200,600,,15,paczka,1,pełna paleta
Cosmos O/N ,OWA,M2,,,1200,600,,15,paczka,1,pełna paleta
Cosmos O/N ,OWA,M2,,,1200,600,,15,paczka,1,pełna paleta
Ocean ,OWA,M2,,,600,600,,15,paczka,1,pełna paleta
Ocean ,OWA,M2,,,600,600,,19,paczka,1,pełna paleta
Sinfonia ,OWA,M2,,,600,600,,15,paczka,1,pełna paleta
Sinfonia ,OWA,M2,,,600,600,,15,paczka,1,pełna paleta
Sinfonia ,OWA,M2,,,1200,600,,15,paczka,1,pełna paleta
Sinfonia ,OWA,M2,,,1200,600,,15,paczka,1,pełna paleta
Bolero ,OWA,M2,,,600,600,,15,paczka,1,pełna paleta
Bolero ,OWA,M2,,,600,600,,15,paczka,1,pełna paleta
Bolero ,OWA,M2,,,1200,600,,15,paczka,1,pełna paleta
Bolero ,OWA,M2,,,1200,600,,15,paczka,1,pełna paleta
OWAlux biały,OWA,M2,,,600,600,,15,paczka,1,pełna paleta
OWAlux srebrny,OWA,M2,,,600,600,,15,paczka,1,pełna paleta
Harmony smart,OWA,M2,,,600,600,,14,paczka,1,pełna paleta
Harmony smart,OWA,M2,,,600,600,,14,paczka,1,pełna paleta
Futura smart,OWA,M2,,,600,600,,14,paczka,1,pełna paleta
Futura smart,OWA,M2,,,600,600,,14,paczka,1,pełna paleta
Sternbild smart,OWA,M2,,,600,600,,14,paczka,1,pełna paleta
Sternbild smart,OWA,M2,,,600,600,,14,paczka,1,pełna paleta
Finetta smart,OWA,M2,,,600,600,,14,paczka,1,pełna paleta
Finetta smart,OWA,M2,,,600,600,,14,paczka,1,pełna paleta
New Sandila smart/O ,OWA,M2,,,600,600,,14,paczka,1,pełna paleta
New Sandila smart/O ,OWA,M2,,,1200,600,,14,paczka,1,pełna paleta
New Sandila smart/O ,OWA,M2,,,600,600,,14,paczka,1,pełna paleta
New Sandila smart/N ,OWA,M2,,,600,600,,14,paczka,1,pełna paleta
Schlicht smart ,OWA,M2,,,600,600,,14,paczka,1,pełna paleta
Schlicht smart ,OWA,M2,,,600,600,,14,paczka,1,pełna paleta
Schlicht smart ,OWA,M2,,,1200,600,,14,paczka,1,pełna paleta
Cosmos ,OWA,M2,,,600,600,,20,paczka,1,pełna paleta
Sinfonia C ,OWA,M2,,,600,600,,20,paczka,1,pełna paleta
Humancare ,OWA,M2,,,600,600,,15,paczka,1,pełna paleta
Sinfonia czarna ,OWA,M2,,,600,600,,15,paczka,1,pełna paleta
Sinfonia szara ,OWA,M2,,,600,600,,15,paczka,1,pełna paleta
mavroc Sternbild ,OWA,M2,,,600,600,,15,paczka,1,pełna paleta
mavroc Cosmos/O ,OWA,M2,,,600,600,,15,paczka,1,pełna paleta
mavroc Cosmos/N ,OWA,M2,,,600,600,,15,paczka,1,pełna paleta
sanitas 02 Sternbild ,OWA,M2,,,600,600,,15,paczka,1,pełna paleta
sanitas 02 Schlicht ,OWA,M2,,,600,600,,15,paczka,1,pełna paleta
Brillianto,OWA,M2,,,600,600,,12,paczka,1,pełna paleta
Brillianto A ,OWA,M2,,,600,600,,15,paczka,1,pełna paleta
Brillianto A ,OWA,M2,,,600,1200,,15,paczka,1,pełna paleta
Brillianto A ,OWA,M2,,,600,600,,19,paczka,1,pełna paleta
Skrzynka ogniowa,OWA,szt,,,600,600,,16,,,
RIGIPS PRO typ A (GKB),RIGIPS,M2,7.2,,2000,1200,,9.5,,1,pełna paleta
RIGIPS PRO typ A (GKB),RIGIPS,M2,7.2,,2600,1200,,9.5,,1,pełna paleta
RIGIPS PRO typ A (GKB),RIGIPS,M2,7.2,,3000,1200,,9.5,,1,pełna paleta
RIGIPS PRO typ A (GKB),RIGIPS,M2,8.1,,2000,1200,,9.5,,1,pełna paleta
RIGIPS PRO typ A (GKB),RIGIPS,M2,8.1,,2600,1200,,9.5,,1,pełna paleta
RIGIPS PRO typ A (GKB),RIGIPS,M2,8.1,,2750,1200,,9.5,,1,pełna paleta
RIGIPS PRO typ A (GKB),RIGIPS,M2,8.1,,3000,1200,,9.5,,1,pełna paleta
RIGIPS PRO Hydro typ H2 (GKBI),RIGIPS,M2,8.4,,2000,1200,,12.5,,1,pełna paleta
RIGIPS PRO Hydro typ H2 (GKBI),RIGIPS,M2,8.4,,2600,1200,,12.5,,1,pełna paleta
RIGIPS PRO Hydro typ H2 (GKBI),RIGIPS,M2,8.4,,3000,1200,,12.5,,1,pełna paleta
RIGIPS PRO Fire F,RIGIPS,M2,9.3,,2000,1200,,12.5,,1,pełna paleta
RIGIPS PRO Fire F,RIGIPS,M2,9.3,,2600,1200,,12.5,,1,pełna paleta
RIGIPS PRO Fire F,RIGIPS,M2,9.3,,3000,1200,,12.5,,1,pełna paleta
RIGIPS PRO Fire+ typ DF (GKF),RIGIPS,M2,10.1,,2000,1200,,12.5,,1,pełna paleta
RIGIPS PRO Fire+ typ DF (GKF),RIGIPS,M2,10.1,,2600,1200,,12.5,,1,pełna paleta
RIGIPS PRO Fire+ typ DF (GKF),RIGIPS,M2,10.1,,3000,1200,,12.5,,1,pełna paleta
RIGIPS PRO Fire+ typ DF (GKF),RIGIPS,M2,12.1,,2000,1200,,15,,1,pełna paleta
RIGIPS PRO Fire+ typ DF (GKF),RIGIPS,M2,12.1,,2500,1200,,15,,1,pełna paleta
RIGIPS PRO Fire+ typ DF (GKF),RIGIPS,M2,12.1,,2600,1200,,15,,1,pełna paleta
RIGIPS PRO Fire+ typ DF (GKF),RIGIPS,M2,12.1,,3000,1200,,15,,1,pełna paleta
RIGIPS PRO Fire+ typ DF (GKF),RIGIPS,M2,14.5,,2000,1200,,18,,1,pełna paleta
RIGIPS PRO Fire+ Hydro typ DFH2 (GKFI),RIGIPS,M2,10.1,,2000,1200,,12.5,,1,pełna paleta
RIGIPS PRO Fire+ Hydro typ DFH2 (GKFI),RIGIPS,M2,10.1,,2600,1200,,12.5,,1,pełna paleta
RIGIPS PRO Fire+ Hydro typ DFH2 (GKFI),RIGIPS,M2,10.1,,3000,1200,,12.5,,1,pełna paleta
RIGIPS PRO Fire+ Hydro typ DFH2 (GKFI),RIGIPS,M2,12.1,,2600,1200,,15,,1,pełna paleta
RIGIPS 4PROTM,RIGIPS,M2,8.8,,2000,1200,,12.5,,1,pełna paleta
RIGIPS 4PROTM,RIGIPS,M2,8.8,,2600,1200,,12.5,,1,pełna paleta
RIGIPS 4PROTM Activ'Air®,RIGIPS,M2,8.8,,2600,1200,,12.5,,1,pełna paleta
RIGIPS 4PROTM Hydro typ H2,RIGIPS,M2,8.8,,2000,1200,,12.5,,1,pełna paleta
RIGIPS 4PROTM Hydro typ H2,RIGIPS,M2,8.8,,2600,1200,,12.5,,1,pełna paleta
RIGIPS 4PROTM Fire typ F,RIGIPS,M2,9.4,,2000,1200,,12.5,,1,pełna paleta
RIGIPS 4PROTM Fire typ F,RIGIPS,M2,9.4,,2600,1200,,12.5,,1,pełna paleta
RIGIPS PRO Aku typ A (GKB),RIGIPS,M2,12,,2000,1200,,12.5,,1,pełna paleta
RIGIPS PRO Aku typ A (GKB),RIGIPS,M2,12,,2600,1200,,12.5,,1,pełna paleta
RIGIPS PRO Aku typ A (GKB),RIGIPS,M2,12,,3000,1200,,12.5,,1,pełna paleta
RIGIPS PRO Aku Hydro typ H2 (GKBI),RIGIPS,M2,12.1,,2000,1200,,12.5,,1,pełna paleta
RIGIPS PRO Aku Hydro typ H2 (GKBI),RIGIPS,M2,12.1,,2600,1200,,12.5,,1,pełna paleta
RIGIPS PRO Aku Fire+ typ DF (GKF),RIGIPS,M2,12.2,,3000,1200,,12.5,,1,pełna paleta
GLASROC GHS 9 R STORM,RIGIPS,M2,7.6,,2700,1200,,9.5,,1,pełna paleta
RIGIPS HABITO®,RIGIPS,M2,12,,2600,1200,,12.5,,1,pełna paleta
RIGIPS HABITO® H Hydro,RIGIPS,M2,12.2,,2600,1200,,12.5,,1,pełna paleta
RIGIPS PRO Duraline,RIGIPS,M2,12,,2600,1200,,12.5,,1,pełna paleta
RIGIPS PRO Duraline,RIGIPS,M2,14.5,,2600,1200,,15,,1,pełna paleta
RIGIPS Rigidur H,RIGIPS,M2,16.3,,2500,1195,,12.5,,1,pełna paleta
RIGIPS Rigidur H,RIGIPS,M2,16.3,,2600,1195,,12.5,,1,pełna paleta
RIGIPS Rigidur H,RIGIPS,M2,16.3,,3000,1195,,12.5,,1,pełna paleta
RIGIPS Rigidur H,RIGIPS,M2,12.5,,2500,1195,,10,,1,pełna paleta
RIGIPS Rigidur H,RIGIPS,M2,12.5,,3000,1195,,10,,1,pełna paleta
RIGIPS Rigidur H,RIGIPS,M2,18,,2640,1249,,15,,1,pełna paleta
RIGIPS PRO Flexi typ D,RIGIPS,M2,5.9,,2600,1200,,6.5,,1,pełna paleta
Glasroc F (Riflex) ,RIGIPS,M2,6,,2400,1200,,6,,1,pełna paleta
Gyptone BIG Curve,RIGIPS,M2,6.5,,2400,1200,,6.5,,1,pełna paleta
Gyptone BIG Curve,RIGIPS,M2,6.5,,2400,1200,,6.5,,1,pełna paleta
Gyptone BIG Curve,RIGIPS,M2,6.5,,2400,1200,,6.5,,1,pełna paleta
GLASROC H Ocean typ GM-FH1,RIGIPS,M2,10.5,,2000,1200,,12.5,,1,pełna paleta
GLASROC H Ocean typ GM-FH1,RIGIPS,M2,10.5,,2600,1200,,12.5,,1,pełna paleta
AQUAROC,RIGIPS,M2,13.5,,900,1200,,12.5,,1,pełna paleta
AQUAROC,RIGIPS,M2,13.5,,2500,1200,,12.5,,1,pełna paleta
AQUAROC,RIGIPS,M2,13.5,,3000,1200,,12.5,,1,pełna paleta
RIGIPS PRO Kompakt typ A,RIGIPS,M2,8.6,,1800,900,,12.5,,1,pełna paleta
RIGIPS PRO Kompakt Hydro typ H2,RIGIPS,M2,9.3,,1800,900,,12.5,,1,pełna paleta
RIGIPS Rigidur E,RIGIPS,M2,25.2,,1500,500,,20,,1,pełna paleta
RIGIPS Rigidur E,RIGIPS,M2,31.4,,1500,500,,25,,1,pełna paleta
RIGIPS Rigidur E,RIGIPS,M2,26.8,,1500,500,,30,,1,pełna paleta
RIGIPS RIGISTABIL,RIGIPS,M2,11.5,,1800,1250,,12.5,,1,pełna paleta
Glasroc F (Ridurit),RIGIPS,M2,12.8,,2000,1200,,15,,1,pełna paleta
Glasroc F (Ridurit),RIGIPS,M2,17,,2000,1200,,20,,1,pełna paleta
Glasroc F (Ridurit),RIGIPS,M2,21.3,,2000,1200,,25,,1,pełna paleta
Glasroc F (Ridurit),RIGIPS,M2,8.5,,2400,1200,,10,,1,pełna paleta
Glasroc F (Ridurit),RIGIPS,M2,10.6,,2400,1200,,12.5,,1,pełna paleta
Glasroc F (Ridurit),RIGIPS,M2,25.5,,2000,1200,,30,,1,pełna paleta
RIGITONE 6/18,RIGIPS,M2,8.32,,1998,1188,,12.5,,1,pełna paleta
RIGITONE 6/18,RIGIPS,M2,8.32,,1998,1188,,12.5,,1,pełna paleta
RIGITONE 8/18,RIGIPS,M2,8.76,,1998,1188,,12.5,,1,pełna paleta
RIGITONE 8/18,RIGIPS,M2,8.76,,1998,1188,,12.5,,1,pełna paleta
RIGITONE 10/23,RIGIPS,M2,8.83,,2001,1196,,12.5,,1,pełna paleta
RIGITONE 10/23,RIGIPS,M2,8.83,,2001,1196,,12.5,,1,pełna paleta
RIGITONE 12/25,RIGIPS,M2,8.49,,2000,1200,,12.5,,1,pełna paleta
RIGITONE 12/25,RIGIPS,M2,8.49,,2000,1200,,12.5,,1,pełna paleta
RIGITONE 15/30,RIGIPS,M2,8.34,,1998,1200,,12.5,,1,pełna paleta
RIGITONE 15/30,RIGIPS,M2,8.34,,1998,1200,,12.5,,1,pełna paleta
RIGITONE 12-20/66,RIGIPS,M2,8.39,,1998,1188,,12.5,,1,pełna paleta
RIGITONE 12-20/66,RIGIPS,M2,8.39,,1998,1188,,12.5,,1,pełna paleta
RIGITONE 8-15-20 Super,RIGIPS,M2,9.33,,1960,1200,,12.5,,1,pełna paleta
RIGITONE 8-15-20 Super,RIGIPS,M2,9.33,,1960,1200,,12.5,,1,pełna paleta
RIGITONE 12-20-35,RIGIPS,M2,9.22,,2000,1200,,12.5,,1,pełna paleta
RIGITONE 12-20-35,RIGIPS,M2,9.22,,2000,1200,,12.5,,1,pełna paleta
RIGITONE 8/18q,RIGIPS,M2,8.32,,1998,1188,,12.5,,1,pełna paleta
RIGITONE 8/18q,RIGIPS,M2,8.32,,1998,1188,,12.5,,1,pełna paleta
RIGITONE 12/25q,RIGIPS,M2,7.99,,2000,1200,,12.5,,1,pełna paleta
RIGITONE 12/25q,RIGIPS,M2,7.99,,2000,1200,,12.5,,1,pełna paleta
BIG QUATTRO Nr 40,RIGIPS,M2,8,,2400,1200,,12.5,,1,pełna paleta
BIG QUATTRO Nr 41,RIGIPS,M2,8,,2400,1200,,12.5,,1,pełna paleta
BIG QUATTRO Nr 42,RIGIPS,M2,8,,2400,1200,,12.5,,1,pełna paleta
BIG QUATTRO Nr 44,RIGIPS,M2,8,,2400,1200,,12.5,,1,pełna paleta
BIG QUATTRO Nr 46,RIGIPS,M2,8,,2400,1200,,12.5,,1,pełna paleta
BIG QUATTRO Nr 47,RIGIPS,M2,8,,2400,1200,,12.5,,1,pełna paleta
BIG QUATTRO Nr 71,RIGIPS,M2,8,,2400,1200,,12.5,,1,pełna paleta
BIG LINE Nr 6,RIGIPS,M2,8,,2400,1200,,12.5,,1,pełna paleta
BIG SIXTO Nr 63,RIGIPS,M2,8,,2400,1200,,12.5,,1,pełna paleta
CASOROC,RIGIPS,M2,6.2,,600,600,,8,,1,pełna paleta
CASOROC,RIGIPS,M2,6.2,,1200,600,,8,,1,pełna paleta
CASOSTAR,RIGIPS,M2,6.2,,600,600,,8,,1,pełna paleta
CASOSTAR,RIGIPS,M2,6.2,,1200,600,,8,,1,pełna paleta
CASOBIANCA,RIGIPS,M2,6.2,,600,600,,8,,1,pełna paleta
CASOBIANCA,RIGIPS,M2,6.2,,1200,600,,8,,1,pełna paleta
GYPREX Alba,RIGIPS,M2,7.48,,600,600,,9.5,,1,pełna paleta
GYPREX Asepta/Bio,RIGIPS,M2,6.9,,600,600,,8,,1,pełna paleta
GYPREX Asepta/Bio,RIGIPS,M2,6.9,,600,600,,8,,1,pełna paleta
BASE 31,RIGIPS,M2,8,,600,600,,10,,1,pełna paleta
BASE 31,RIGIPS,M2,8,,1200,600,,10,,1,pełna paleta
BASE 31,RIGIPS,M2,7.66,,600,600,,10,,1,pełna paleta
BASE 31,RIGIPS,M2,7.66,,600,600,,10,,1,pełna paleta
BASE 31,RIGIPS,M2,9.15,,600,600,,12.5,,1,pełna paleta
LINE 4,RIGIPS,M2,6.56,,600,600,,10,,1,pełna paleta
LINE 4,RIGIPS,M2,6.56,,1200,600,,10,,1,pełna paleta
LINE 4,RIGIPS,M2,6.22,,600,600,,10,,1,pełna paleta
LINE 4,RIGIPS,M2,7.5,,600,600,,12.5,,1,pełna paleta
POINT 11,RIGIPS,M2,7.04,,600,600,,10,,1,pełna paleta
POINT 11,RIGIPS,M2,7.04,,1200,600,,10,,1,pełna paleta
POINT 11,RIGIPS,M2,6.7,,600,600,,10,,1,pełna paleta
POINT 11,RIGIPS,M2,6.7,,600,600,,10,,1,pełna paleta
POINT 11,RIGIPS,M2,8.05,,600,600,,12.5,,1,pełna paleta
POINT 12,RIGIPS,M2,7.58,,600,600,,10,,1,pełna paleta
POINT 12,RIGIPS,M2,7.24,,600,600,,10,,1,pełna paleta
POINT 12,RIGIPS,M2,8.69,,600,600,,12.5,,1,pełna paleta
POINT 80,RIGIPS,M2,5.3,,600,600,,8,,1,pełna paleta
QUATTRO 20,RIGIPS,M2,6.56,,600,600,,10,,1,pełna paleta
QUATTRO 20,RIGIPS,M2,6.22,,600,600,,10,,1,pełna paleta
QUATTRO 20,RIGIPS,M2,6.22,,600,600,,10,,1,pełna paleta
QUATTRO 20,RIGIPS,M2,7.5,,600,600,,12.5,,1,pełna paleta
QUATTRO 22,RIGIPS,M2,7.26,,600,600,,10,,1,pełna paleta
QUATTRO 22,RIGIPS,M2,7.17,,600,600,,10,,1,pełna paleta
QUATTRO 22,RIGIPS,M2,8.33,,600,600,,12.5,,1,pełna paleta
QUATTRO 50,RIGIPS,M2,6.56,,600,600,,10,,1,pełna paleta
QUATTRO 50,RIGIPS,M2,6.22,,600,600,,10,,1,pełna paleta
QUATTRO 50,RIGIPS,M2,6.22,,600,600,,10,,1,pełna paleta
QUATTRO 50,RIGIPS,M2,7.5,,600,600,,12.5,,1,pełna paleta
QUATTRO 70,RIGIPS,M2,5.24,,600,600,,10,,1,pełna paleta
QUATTRO 70,RIGIPS,M2,5.2,,600,600,,10,,1,pełna paleta
QUATTRO 70,RIGIPS,M2,7.94,,600,600,,12.5,,1,pełna paleta
SIXTO 60,RIGIPS,M2,6.64,,600,600,,10,,1,pełna paleta
SIXTO 60,RIGIPS,M2,6.97,,600,600,,10,,1,pełna paleta
SIXTO 60,RIGIPS,M2,7.6,,600,600,,12.5,,1,pełna paleta
PLANK LINE 8,RIGIPS,M2,8,,1800,300,,12.5,,1,pełna paleta
PLANK LINE 8,RIGIPS,M2,8,,2400,300,,12.5,,1,pełna paleta
PLANK POINT 15,RIGIPS,M2,8,,1800,300,,12.5,,1,pełna paleta
PLANK POINT 15,RIGIPS,M2,8,,2400,300,,12.5,,1,pełna paleta
PLANK QUATTRO 55,RIGIPS,M2,8,,1800,300,,12.5,,1,pełna paleta
PLANK QUATTRO 55,RIGIPS,M2,8,,2400,300,,12.5,,1,pełna paleta
PLANK QUATTRO 75,RIGIPS,M2,8,,1800,300,,12.5,,1,pełna paleta
PLANK QUATTRO 75,RIGIPS,M2,8,,2400,300,,12.5,,1,pełna paleta
PLANK BASE 33,RIGIPS,M2,8,,1800,300,,12.5,,1,pełna paleta
PLANK BASE 33,RIGIPS,M2,8,,2400,300,,12.5,,1,pełna paleta
CW 50 ULTRASTIL®,RIGIPS,M,0.73,,2600,,,,,192,szt
CW 50 ULTRASTIL®,RIGIPS,M,0.73,,3000,,,,,192,szt
CW 50 ULTRASTIL®,RIGIPS,M,0.73,,3500,,,,,192,szt
CW 50 ULTRASTIL®,RIGIPS,M,0.73,,4000,,,,,192,szt
CW 50 ULTRASTIL®,RIGIPS,M,0.73,,4500,,,,,192,szt
CW 50 ULTRASTIL®,RIGIPS,M,0.73,,2600,,,,,192,szt
CW 50 ULTRASTIL®,RIGIPS,M,0.73,,3000,,,,,192,szt
CW 50 ULTRASTIL®,RIGIPS,M,0.73,,3500,,,,,192,szt
CW 50 ULTRASTIL®,RIGIPS,M,0.73,,4000,,,,,192,szt
CW 50 ULTRASTIL®,RIGIPS,M,0.73,,4500,,,,,192,szt
CW 75 ULTRASTIL®,RIGIPS,M,0.84,,2600,,,,,192,szt
CW 75 ULTRASTIL®,RIGIPS,M,0.84,,3000,,,,,192,szt
CW 75 ULTRASTIL®,RIGIPS,M,0.84,,3500,,,,,192,szt
CW 75 ULTRASTIL®,RIGIPS,M,0.84,,4000,,,,,192,szt
CW 75 ULTRASTIL®,RIGIPS,M,0.84,,4500,,,,,192,szt
CW 75 ULTRASTIL®,RIGIPS,M,0.84,,5000,,,,,192,szt
CW 75 ULTRASTIL®,RIGIPS,M,0.84,,5500,,,,,192,szt
CW 75 ULTRASTIL®,RIGIPS,M,0.84,,6000,,,,,192,szt
CW 75 ULTRASTIL®,RIGIPS,M,0.84,,2600,,,,,192,szt
CW 75 ULTRASTIL®,RIGIPS,M,0.84,,3000,,,,,192,szt
CW 75 ULTRASTIL®,RIGIPS,M,0.84,,3500,,,,,192,szt
CW 75 ULTRASTIL®,RIGIPS,M,0.84,,4000,,,,,192,szt
CW 75 ULTRASTIL®,RIGIPS,M,0.84,,4500,,,,,192,szt
CW 75 ULTRASTIL®,RIGIPS,M,0.84,,5000,,,,,192,szt
CW 75 ULTRASTIL®,RIGIPS,M,0.84,,5500,,,,,192,szt
CW 75 ULTRASTIL®,RIGIPS,M,0.84,,6000,,,,,192,szt
CW 100 ULTRASTIL®,RIGIPS,M,0.96,,2600,,,,,192,szt
CW 100 ULTRASTIL®,RIGIPS,M,0.96,,3000,,,,,192,szt
CW 100 ULTRASTIL®,RIGIPS,M,0.96,,3500,,,,,192,szt
CW 100 ULTRASTIL®,RIGIPS,M,0.96,,4000,,,,,192,szt
CW 100 ULTRASTIL®,RIGIPS,M,0.96,,4500,,,,,192,szt
CW 100 ULTRASTIL®,RIGIPS,M,0.96,,5000,,,,,192,szt
CW 100 ULTRASTIL®,RIGIPS,M,0.96,,5500,,,,,192,szt
CW 100 ULTRASTIL®,RIGIPS,M,0.96,,6000,,,,,192,szt
CW 100 ULTRASTIL®,RIGIPS,M,0.96,,6500,,,,,192,szt
CW 100 ULTRASTIL®,RIGIPS,M,0.96,,2600,,,,,192,szt
CW 100 ULTRASTIL®,RIGIPS,M,0.96,,3000,,,,,192,szt
CW 100 ULTRASTIL®,RIGIPS,M,0.96,,3500,,,,,192,szt
CW 100 ULTRASTIL®,RIGIPS,M,0.96,,4000,,,,,192,szt
CW 100 ULTRASTIL®,RIGIPS,M,0.96,,4500,,,,,192,szt
CW 100 ULTRASTIL®,RIGIPS,M,0.96,,5000,,,,,192,szt
CW 100 ULTRASTIL®,RIGIPS,M,0.96,,5500,,,,,192,szt
CW 100 ULTRASTIL®,RIGIPS,M,0.96,,6000,,,,,192,szt
CW 100 ULTRASTIL®,RIGIPS,M,0.96,,6500,,,,,192,szt
UW 50 ULTRASTIL®,RIGIPS,M,0.55,,3000,,,,,192,szt
UW 50 ULTRASTIL®,RIGIPS,M,0.55,,3000,,,,,192,szt
UW 50 ULTRASTIL®,RIGIPS,M,0.55,,4000,,,,,192,szt
UW 50 ULTRASTIL®,RIGIPS,M,0.55,,3000,,,,,192,szt
UW 50 ULTRASTIL®,RIGIPS,M,0.55,,3000,,,,,192,szt
UW 50 ULTRASTIL®,RIGIPS,M,0.55,,4000,,,,,192,szt
UW 75 ULTRASTIL®,RIGIPS,M,0.66,,3000,,,,,192,szt
UW 75 ULTRASTIL®,RIGIPS,M,0.66,,3000,,,,,192,szt
UW 75 ULTRASTIL®,RIGIPS,M,0.66,,4000,,,,,192,szt
UW 75 ULTRASTIL®,RIGIPS,M,0.66,,3000,,,,,192,szt
UW 75 ULTRASTIL®,RIGIPS,M,0.66,,3000,,,,,192,szt
UW 75 ULTRASTIL®,RIGIPS,M,0.66,,4000,,,,,192,szt
UW 100 ULTRASTIL®,RIGIPS,M,0.77,,3000,,,,,192,szt
UW 100 ULTRASTIL®,RIGIPS,M,0.77,,3000,,,,,192,szt
UW 100 ULTRASTIL®,RIGIPS,M,0.77,,4000,,,,,192,szt
UW 100 ULTRASTIL®,RIGIPS,M,0.77,,3000,,,,,192,szt
UW 100 ULTRASTIL®,RIGIPS,M,0.77,,3000,,,,,192,szt
UW 100 ULTRASTIL®,RIGIPS,M,0.77,,4000,,,,,192,szt
CD 60 ULTRASTIL®,RIGIPS,M,0.52,,2600,,,,,216,szt
CD 60 ULTRASTIL®,RIGIPS,M,0.52,,3000,,,,,216,szt
CD 60 ULTRASTIL®,RIGIPS,M,0.52,,4000,,,,,216,szt
CD 60 ULTRASTIL®,RIGIPS,M,0.52,,4000,,,,,216,szt
CD 60 ULTRASTIL®,RIGIPS,M,0.52,,2600,,,,,216,szt
CD 60 ULTRASTIL®,RIGIPS,M,0.52,,3000,,,,,216,szt
CD 60 ULTRASTIL®,RIGIPS,M,0.52,,4000,,,,,216,szt
CD 60 ULTRASTIL®,RIGIPS,M,0.52,,4000,,,,,216,szt
UD 30 ULTRASTIL® ,RIGIPS,M,0.35,,3000,,,,,192,szt
UD 30 ULTRASTIL® ,RIGIPS,M,0.35,,4000,,,,,192,szt
UD 30 ULTRASTIL® ,RIGIPS,M,0.35,,4000,,,,,192,szt
UD 30 ULTRASTIL® ,RIGIPS,M,0.35,,3000,,,,,192,szt
UD 30 ULTRASTIL® ,RIGIPS,M,0.35,,4000,,,,,192,szt
UD 30 ULTRASTIL® ,RIGIPS,M,0.35,,4000,,,,,192,szt
C RIGISTIL,RIGIPS,M,0.37,,3600,,,,,100,szt
C RIGISTIL,RIGIPS,M,0.37,,4000,,,,,100,szt
C RIGISTIL,RIGIPS,M,0.37,,3600,,,,,100,szt
C RIGISTIL,RIGIPS,M,0.37,,4000,,,,,100,szt
U RIGISTIL,RIGIPS,M,0.27,,3600,,,,,100,szt
U RIGISTIL,RIGIPS,M,0.27,,4000,,,,,100,szt
U RIGISTIL,RIGIPS,M,0.27,,3600,,,,,100,szt
U RIGISTIL,RIGIPS,M,0.27,,4000,,,,,100,szt
CW 50 ULTRASTIL® Hydroprofil,RIGIPS,M,0.73,,4000,,,,,192,szt
CW 50 ULTRASTIL® Hydroprofil,RIGIPS,M,0.73,,4000,,,,,192,szt
CW 75 ULTRASTIL® Hydroprofil,RIGIPS,M,0.84,,4000,,,,,144,szt
CW 75 ULTRASTIL® Hydroprofil,RIGIPS,M,0.84,,4000,,,,,144,szt
CW 100 ULTRASTIL® Hydroprofil,RIGIPS,M,0.96,,4000,,,,,72,szt
CW 100 ULTRASTIL® Hydroprofil,RIGIPS,M,0.96,,4000,,,,,72,szt
UW 50 ULTRASTIL® Hydroprofil,RIGIPS,M,0.55,,4000,,,,,192,szt
UW 50 ULTRASTIL® Hydroprofil,RIGIPS,M,0.55,,4000,,,,,192,szt
UW 75 ULTRASTIL® Hydroprofil,RIGIPS,M,0.66,,4000,,,,,144,szt
UW 75 ULTRASTIL® Hydroprofil,RIGIPS,M,0.66,,4000,,,,,144,szt
UW 100 ULTRASTIL® Hydroprofil,RIGIPS,M,0.77,,4000,,,,,72,szt
UW 100 ULTRASTIL® Hydroprofil,RIGIPS,M,0.77,,4000,,,,,72,szt
CD 60 ULTRASTIL® Hydroprofil,RIGIPS,M,0.52,,4000,,,,,54,szt
CD 60 ULTRASTIL® Hydroprofil,RIGIPS,M,0.52,,4000,,,,,54,szt
UD 30 ULTRASTIL® Hydroprofil,RIGIPS,M,0.35,,4000,,,,,48,szt
UD 30 ULTRASTIL® Hydroprofil,RIGIPS,M,0.35,,4000,,,,,48,szt
CW 75 ULTRASTIL® AKU,RIGIPS,M,0.83,,3000,,,,,90,szt
CW 75 ULTRASTIL® AKU,RIGIPS,M,0.83,,3500,,,,,90,szt
CW 75 ULTRASTIL® AKU,RIGIPS,M,0.83,,4000,,,,,90,szt
CW 75 ULTRASTIL® AKU,RIGIPS,M,0.83,,3000,,,,,90,szt
CW 75 ULTRASTIL® AKU,RIGIPS,M,0.83,,3500,,,,,90,szt
CW 75 ULTRASTIL® AKU,RIGIPS,M,0.83,,4000,,,,,90,szt
CW 100 ULTRASTIL® AKU,RIGIPS,M,0.93,,3000,,,,,72,szt
CW 100 ULTRASTIL® AKU,RIGIPS,M,0.93,,3500,,,,,72,szt
CW 100 ULTRASTIL® AKU,RIGIPS,M,0.93,,4000,,,,,72,szt
CW 100 ULTRASTIL® AKU,RIGIPS,M,0.93,,3000,,,,,72,szt
CW 100 ULTRASTIL® AKU,RIGIPS,M,0.93,,3500,,,,,72,szt
CW 100 ULTRASTIL® AKU,RIGIPS,M,0.93,,4000,,,,,72,szt
UA 50,RIGIPS,M,1.88,,3000,,,,,24,szt
UA 50,RIGIPS,M,1.88,,3500,,,,,24,szt
UA 50,RIGIPS,M,1.88,,4000,,,,,24,szt
UA 50,RIGIPS,M,1.88,,4500,,,,,24,szt
UA 50,RIGIPS,M,1.88,,3000,,,,,24,szt
UA 50,RIGIPS,M,1.88,,3500,,,,,24,szt
UA 50,RIGIPS,M,1.88,,4000,,,,,24,szt
UA 50,RIGIPS,M,1.88,,4500,,,,,24,szt
UA 50,RIGIPS,M,1.88,,3000,,,,,24,szt
UA 50,RIGIPS,M,1.88,,4000,,,,,24,szt
UA 50,RIGIPS,M,1.88,,3000,,,,,24,szt
UA 50,RIGIPS,M,1.88,,4000,,,,,24,szt
UA 75,RIGIPS,M,2.25,,3000,,,,,24,szt
UA 75,RIGIPS,M,2.25,,3500,,,,,24,szt
UA 75,RIGIPS,M,2.25,,4000,,,,,24,szt
UA 75,RIGIPS,M,2.25,,4500,,,,,24,szt
UA 75,RIGIPS,M,2.25,,5000,,,,,24,szt
UA 75,RIGIPS,M,2.25,,5500,,,,,24,szt
UA 75,RIGIPS,M,2.25,,6000,,,,,24,szt
UA 75,RIGIPS,M,2.25,,3000,,,,,24,szt
UA 75,RIGIPS,M,2.25,,3500,,,,,24,szt
UA 75,RIGIPS,M,2.25,,4000,,,,,24,szt
UA 75,RIGIPS,M,2.25,,4500,,,,,24,szt
UA 75,RIGIPS,M,2.25,,5000,,,,,24,szt
UA 75,RIGIPS,M,2.25,,5500,,,,,24,szt
UA 75,RIGIPS,M,2.25,,6000,,,,,24,szt
UA 75,RIGIPS,M,2.25,,3000,,,,,24,szt
UA 75,RIGIPS,M,2.25,,4000,,,,,24,szt
UA 75,RIGIPS,M,2.25,,3000,,,,,24,szt
UA 75,RIGIPS,M,2.25,,4000,,,,,24,szt
UA 100,RIGIPS,M,2.6,,3000,,,,,24,szt
UA 100,RIGIPS,M,2.6,,3500,,,,,24,szt
UA 100,RIGIPS,M,2.6,,4000,,,,,24,szt
UA 100,RIGIPS,M,2.6,,4500,,,,,24,szt
UA 100,RIGIPS,M,2.6,,5000,,,,,24,szt
UA 100,RIGIPS,M,2.6,,5500,,,,,24,szt
UA 100,RIGIPS,M,2.6,,6000,,,,,24,szt
UA 100,RIGIPS,M,2.6,,3000,,,,,24,szt
UA 100,RIGIPS,M,2.6,,3500,,,,,24,szt
UA 100,RIGIPS,M,2.6,,4000,,,,,24,szt
UA 100,RIGIPS,M,2.6,,4500,,,,,24,szt
UA 100,RIGIPS,M,2.6,,5000,,,,,24,szt
UA 100,RIGIPS,M,2.6,,5500,,,,,24,szt
UA 100,RIGIPS,M,2.6,,6000,,,,,24,szt
UA 100,RIGIPS,M,2.6,,3000,,,,,24,szt
UA 100,RIGIPS,M,2.6,,4000,,,,,24,szt
UA 100,RIGIPS,M,2.6,,3000,,,,,24,szt
UA 100,RIGIPS,M,2.6,,4000,,,,,24,szt
Profil CD 60 specjalny C5M,RIGIPS,M,0.52,,4000,,,,,48,szt
Profil CD 60 specjalny C5M,RIGIPS,M,0.52,,4000,,,,,48,szt
Profil specjalny UD 30 C5M,RIGIPS,M,0.35,,4000,,,,,48,szt
Profil specjalny UD 30 C5M,RIGIPS,M,0.35,,4000,,,,,48,szt
Profil UW 50 nadcięty (do Riflex),RIGIPS,M,0.55,,4000,,,,,192,szt
Profil UW 50 nadcięty (do Riflex),RIGIPS,M,0.55,,4000,,,,,192,szt
Profil kapeluszowy,RIGIPS,M,0.5,,4000,,,,,200,szt
Profil kapeluszowy,RIGIPS,M,0.5,,4000,,,,,200,szt
Kątownik ściany szybu,RIGIPS,M,0.47,,2000,,,,,1,paczka
Kątownik ściany szybu,RIGIPS,M,0.63,,2000,,,,,1,paczka
Kątownik specjalny do sufitów przęsłowych,RIGIPS,M,2.03,,2000,,,,,1,paczka
Profil specjalny UW,RIGIPS,M,1.65,,2000,50,80,,,1,paczka
Profil specjalny UW,RIGIPS,M,1.84,,2000,75,80,,,1,paczka
Profil specjalny UW,RIGIPS,M,2.16,,2000,75,100,,,1,paczka
Profil specjalny UW,RIGIPS,M,2.04,,2000,100,80,,,1,paczka
Profil specjalny UW,RIGIPS,M,2.36,,2000,100,100,,,1,paczka
Profil specjalny UW,RIGIPS,M,2.67,,2000,100,120,,,1,paczka
Profil specjalny UW,RIGIPS,M,2.98,,2000,100,140,,,1,paczka
Profil specjalny UW,RIGIPS,M,3.61,,2000,100,180,,,1,paczka
Profil CD 60 gięty KONKAV,RIGIPS,M,0.52,,4000,,,,,1,paczka
Profil CD 60 gięty KONKAV,RIGIPS,M,0.52,,4000,,,,,1,paczka
Profil nośny T24,RIGIPS,M,0.35,,3600,,,,,1,paczka
Profil nośny T24,RIGIPS,M,0.35,,3600,,,,,1,paczka
Profil nośny T24,RIGIPS,M,0.35,,3600,,,,,1,paczka
Profil poprzeczny T24/32,RIGIPS,M,0.3,,1200,,,,,1,paczka
Profil poprzeczny T24/32,RIGIPS,M,0.3,,600,,,,,1,paczka
Profil poprzeczny T24/38,RIGIPS,M,0.3,,1200,,,,,1,paczka
Profil poprzeczny T24/38,RIGIPS,M,0.3,,600,,,,,1,paczka
Profil poprzeczny T24/38,RIGIPS,M,0.3,,1200,,,,,1,paczka
Profil poprzeczny T24/38,RIGIPS,M,0.3,,600,,,,,1,paczka
Profil poprzeczny T24/38,RIGIPS,M,0.3,,1200,,,,,1,paczka
Profil poprzeczny T24/38,RIGIPS,M,0.3,,600,,,,,1,paczka
Profil nośny T24 antykorozyjny ,RIGIPS,M,0.5,,3600,,,,,1,paczka
Profil poprzeczny T24/38 antykorozyjny,RIGIPS,M,0.45,,1200,,,,,1,paczka
Profil kątowy,RIGIPS,M,0.2,,3000,,,,,1,paczka
Profil kątowy,RIGIPS,M,0.2,,3000,,,,,1,paczka
Profil nośny T15,RIGIPS,M,0.35,,3000,,,,,1,paczka
Profil nośny T15,RIGIPS,M,0.3,,1200,,,,,1,paczka
Profil nośny T15,RIGIPS,M,0.3,,600,,,,,1,paczka
Łącznik krzyżowy do profili CD 60 - konstr. 2-poz.,RIGIPS,szt,0.05,,,,,,,1,paczka
Łącznik krzyżowy płaski do profili CD 60 - konstr. 2-poz.,RIGIPS,szt,0.06,,,,,,,1,paczka
Łącznik poprzeczny do profili CD 60 - konstr. 1-poz.,RIGIPS,szt,0.06,,,,,,,1,paczka
Łącznik wzdłużny do profili CD 60,RIGIPS,szt,0.06,,,,,,,1,paczka
Wieszak bezpośredni „Klick-Fix” do profili CD 60,RIGIPS,szt,0.03,,,,,,,1,paczka
Wieszak obrotowy z elementem rozprężnym do profili CD 60,RIGIPS,szt,0.05,,,,,,,1,paczka
Pręt wieszakowy,RIGIPS,szt,0.01,,125,,,,,1,paczka
Pręt wieszakowy,RIGIPS,szt,0.03,,250,,,,,1,paczka
Pręt wieszakowy,RIGIPS,szt,0.05,,500,,,,,1,paczka
Pręt wieszakowy,RIGIPS,szt,0.08,,750,,,,,1,paczka
Pręt wieszakowy,RIGIPS,szt,0.1,,1000,,,,,1,paczka
Pręt wieszakowy,RIGIPS,szt,0.13,,1250,,,,,1,paczka
Pręt wieszakowy,RIGIPS,szt,0.15,,1500,,,,,1,paczka
Pręt wieszakowy,RIGIPS,szt,0.18,,1750,,,,,1,paczka
Pręt wieszakowy,RIGIPS,szt,0.2,,2000,,,,,1,paczka
Uchwyt do profili CD 60,RIGIPS,szt,0.04,,75,,,,,1,paczka
Uchwyt do profili CD 60,RIGIPS,szt,0.06,,125,,,,,1,paczka
Uchwyt prosty do profili CD 60,RIGIPS,szt,0.05,,75,,,,,1,paczka
Uchwyt prosty do profili CD 60,RIGIPS,szt,0.06,,125,,,,,1,paczka
Uchwyt prosty do profili CD 60,RIGIPS,szt,0.1,,200,,,,,1,paczka
Uchwyt prosty do profili CD 60,RIGIPS,szt,0.12,,250,,,,,1,paczka
Uchwyt prosty do profili CD 60,RIGIPS,szt,0.15,,300,,,,,1,paczka
Uchwyt elastyczny do profili CD 60,RIGIPS,szt,0.04,,30,,,,,1,paczka
Uchwyt elastyczny do profili CD 60,RIGIPS,szt,0.04,,45,,,,,1,paczka
Uchwyt elastyczny do profili CD 60,RIGIPS,szt,0.05,,60,,,,,1,paczka
Uchwyt elastyczny do profili CD 60,RIGIPS,szt,0.07,,90,,,,,1,paczka
Wieszak do poddaszy,RIGIPS,szt,0.05,,180,,,,,1,paczka
Wieszak do poddaszy,RIGIPS,szt,0.07,,250,,,,,1,paczka
Wieszak do sufitów,RIGIPS,szt,0.09,,300,,,,,1,paczka
Wieszak do sufitów,RIGIPS,szt,0.1,,350,,,,,1,paczka
Wieszak do sufitów,RIGIPS,szt,0.11,,400,,,,,1,paczka
Wieszak do sufitów,RIGIPS,szt,0.16,,500,,,,,1,paczka
Klips do belek stalowych ,RIGIPS,szt,0.04,,,,,,,1,paczka
Wieszak do profili C RIGISTIL,RIGIPS,szt,0.04,,170,,,,,1,paczka
Wieszak do profili C RIGISTIL,RIGIPS,szt,0.06,,300,,,,,1,paczka
Wieszak kotwowy RIGISTIL do profili C Rigistil,RIGIPS,szt,0.04,,,,,,,1,paczka
Wieszak kotwowy RIGISTIL z noniuszem do profili C Rigistil,RIGIPS,szt,0.05,,,,,,,1,paczka
Uchwyt bezpośredni GL 9 do profili C RIGISTIL,RIGIPS,szt,0.06,,125,,,,,1,paczka
Uchwyt bezpośredni GL 9 do profili C RIGISTIL,RIGIPS,szt,0.04,,75,,,,,1,paczka
Łącznik krzyżowy RIGISTIL,RIGIPS,szt,0.03,,,,,,,1,paczka
Łącznik wzdłużny GL 3 do profili C RIGISTIL,RIGIPS,szt,0.03,,,,,,,1,paczka
Kątownik mocujący do profili ościeżnicowych,RIGIPS,szt,0.1,,,,,,,1,paczka
Kątownik mocujący do profili ościeżnicowych,RIGIPS,szt,0.2,,,,,,,1,paczka
Kątownik mocujący do profili ościeżnicowych UA 75 ,RIGIPS,szt,0.17,,,,,,,1,paczka
Kątownik mocujący do profili ościeżnicowych UA 100 ,RIGIPS,szt,0.26,,,,,,,1,paczka
Śruba M8 do profila UA z podkładką i nakrętką ,RIGIPS,szt,0.02,,,,,,,1,paczka
Kątownik mocujący do profili ościeżnicowych UA 75 do stropów z ugięciem do 6 cm ,RIGIPS,szt,0.31,,,,,,,1,paczka
Kątownik mocujący do profili ościeżnicowych UA 100 do stropów z ugięciem do 6 cm ,RIGIPS,szt,0.43,,,,,,,1,paczka
Katownik mocujący do sufitów przęsłowych,RIGIPS,szt,0.25,,,,,,,1,paczka
Katownik mocujący do sufitów przęsłowych do belek stalowych,RIGIPS,szt,0.15,,,,,,,1,paczka
Śruba mocująca M5x16,RIGIPS,szt,0.02,,,,,,,1,paczka
Łącznik krzyżowy do profili UA 50/ CD 60,RIGIPS,szt,0.07,,,,,1,,1,paczka
Wieszak noniuszowy dolny do profila UA50,RIGIPS,szt,0.05,,,15,,,,1,paczka
Łącznik akustyczny GAB3 ,RIGIPS,szt,0.2,,,,,,,1,paczka
Uchwyt ES 60/125 akustyczny ,RIGIPS,szt,0.08,,,,,,,1,paczka
Wieszak akustyczny 70,RIGIPS,szt,0.05,,,,,,,1,paczka
Łącznik akustyczny do ścian 2xCW,RIGIPS,szt,0.16,,105,,,,,1,paczka
Łącznik krzyżowy Hydroprofil do profila CD 60 – konstr. 2-poz.,RIGIPS,szt,0.05,,,,,,,1,paczka
Łącznik poprzeczny Hydroprofil do profili CD 60 - konst. 1-poz.,RIGIPS,szt,0.05,,,,,,,1,paczka
Łącznik wzdłużny Hydroprofil do profili CD 60,RIGIPS,szt,0.06,,,,,,,1,paczka
Uchwyt prosty ES 60/75 Hydroprofil do profili CD 60,RIGIPS,szt,0.05,,75,,,,,1,paczka
Uchwyt prosty ES 60/125 Hydroprofil do profili CD 60,RIGIPS,szt,0.06,,125,,,,,1,paczka
Wieszak obrotowy noniusz Hydroprofil do profili CD 60,RIGIPS,szt,0.06,,,15,,,,1,paczka
Część górna wieszaka noniuszowego Hydroprofil,RIGIPS,szt,0.05,,290,,,,,1,paczka
Część górna wieszaka noniuszowego Hydroprofil,RIGIPS,szt,0.09,,490,12,,,,1,paczka
Łącznik noniuszowy Hydroprofil,RIGIPS,szt,0.02,,90,12,,,,1,paczka
Przedłużka noniusza Hydroprofil,RIGIPS,szt,0.6,,3000,15,,,,1,paczka
Klamra zabezpieczająca do noniusza Hydroprofil (zawleczka) ,RIGIPS,szt,0.01,,,,,,,1,paczka
Łącznik krzyżowy C5M do profila CD 60 specjalnego C5M konstr. 2-poz,RIGIPS,szt,0.05,,,,,,,1,paczka
Łącznik wzdłużny C5M do profila CD 60 specjalnego C5M,RIGIPS,szt,0.06,,,,,,,1,paczka
Uchwyt do profili CD 60 specjalnych C5M,RIGIPS,szt,0.04,,65,,,,,1,paczka
Uchwyt do profili CD 60 specjalnych C5M,RIGIPS,szt,0.12,,125,,,,,1,paczka
Wieszak kotwowy noniusz C5M do profili CD60 specjalnych C5M,RIGIPS,szt,0.05,,,15,,,,1,paczka
Część górna wieszaka noniuszowego C5M,RIGIPS,szt,0.05,,290,12,,,,1,paczka
Część górna wieszaka noniuszowego C5M,RIGIPS,szt,0.09,,490,12,,,,1,paczka
Część górna wieszaka noniuszowego C5M,RIGIPS,szt,0.17,,990,12,,,,1,paczka
Część górna wieszaka noniuszowego C5M,RIGIPS,szt,0.25,,1490,12,,,,1,paczka
Klamra zabezpieczająca do noniusza C5M (zawleczka ze stali nierdzewnej),RIGIPS,szt,0.01,,,,,,,1,paczka
Wieszak antykorozyjny z noniuszem do profili nośnych Quick-Lock ,RIGIPS,szt,0.05,,,,,,,1,paczka
Wieszak antykorozyjny z noniuszem do profili nośnych Quick-Lock ,RIGIPS,szt,0.05,,,,,,,1,paczka
Wieszak z elementem rozprężnym do profili nośnych QUICK-LOCK®,RIGIPS,szt,0.04,,110,,,,,1,paczka
Wieszak z noniuszem do profili nośnych QUICK-LOCK®,RIGIPS,szt,0.04,,,15,,,,1,paczka
Sprężyna wieszakowa podwójna ,RIGIPS,szt,0.01,,,,,,,1,paczka
Wieszak bezpośredni ,RIGIPS,szt,0.3,,,,,,,1,paczka
Wieszak bezpośredni ,RIGIPS,szt,0.3,,,,,,,1,paczka
Wieszak bezpośredni ,RIGIPS,szt,0.3,,,,,,,1,paczka
Wieszak bezpośredni ,RIGIPS,szt,0.3,,,,,,,1,paczka
Sprężyna przyścienna ,RIGIPS,szt,0.01,,,,,,,1,paczka
Sprężynka dociskowa do płyt sufitowych ,RIGIPS,szt,0.01,,,,,,,1,paczka
Łącznik poprzeczny CROSS-LOCK GS ,RIGIPS,szt,0.03,,,,,,,1,paczka
Nakładka łącznik poprzeczny do profili T ,RIGIPS,szt,0.02,,,,,,,1,paczka
Pręt wieszakowy z hakiem,RIGIPS,szt,0.01,,125,,,,,1,paczka
Pręt wieszakowy z hakiem,RIGIPS,szt,0.03,,250,,,,,1,paczka
Pręt wieszakowy z hakiem,RIGIPS,szt,0.05,,500,,,,,1,paczka
Nakładka maskująca kątownik ,RIGIPS,szt,0.01,,,,,,,1,paczka
Nakładka maskująca kątownik ,RIGIPS,szt,0.01,,,,,,,1,paczka
Wkręty TN,RIGIPS,paczka,1.43,3.5,25,,,,,12,paczka
Wkręty TN,RIGIPS,paczka,1.72,3.5,25,,,,,10,paczka
Wkręty TN,RIGIPS,paczka,1.86,3.5,35,,,,,12,paczka
Wkręty TN,RIGIPS,paczka,2.23,3.5,35,,,,,10,paczka
Wkręty TN,RIGIPS,paczka,1.17,3.5,45,,,,,12,paczka
Wkręty TN,RIGIPS,paczka,1.39,3.5,55,,,,,12,paczka
Wkręty TN,RIGIPS,paczka,1.22,3.5,70,,,,,12,paczka
Wkręty TN,RIGIPS,BST,0.31,3.5,25,,,,,1,paczka
Wkręty TN,RIGIPS,BST,0.38,3.5,35,,,,,1,paczka
Wkręty TN,RIGIPS,BST,0.25,3.5,45,,,,,1,paczka
Wkręty TD,RIGIPS,paczka,1.4,3.5,25,,,,,1,paczka
Wkręty TD,RIGIPS,paczka,1.78,3.5,35,,,,,1,paczka
Wkręty TD,RIGIPS,paczka,1.15,3.5,45,,,,,1,paczka
Wkręty TD,RIGIPS,paczka,1.35,3.5,55,,,,,1,paczka
Wkręty TD,RIGIPS,paczka,1.18,3.5,70,,,,,1,paczka
Wkręty TD,RIGIPS,BST,0.31,3.5,25,,,,,1,paczka
Wkręty TD,RIGIPS,BST,0.38,3.5,35,,,,,1,paczka
Wkręty TD,RIGIPS,BST,0.13,3.5,45,,,,,1,paczka
Wkręty TD,RIGIPS,BST,0.28,3.5,55,,,,,1,paczka
Wkręty TB  ,RIGIPS,paczka,1.56,3.5,25,,,,,1,paczka
Wkręty TB  ,RIGIPS,paczka,2.02,3.5,35,,,,,1,paczka
Wkręty TB  ,RIGIPS,paczka,1.28,3.5,45,,,,,1,paczka
Wkręty TB  ,RIGIPS,paczka,0.7,3.5,55,,,,,1,paczka
Wkręty TB  ,RIGIPS,BST,0.17,3.5,25,,,,,1,paczka
Wkręty TB  ,RIGIPS,BST,0.22,3.5,35,,,,,1,paczka
Wkręty GLASROC F (Ridurit) ,RIGIPS,paczka,2.6,3.5,40,,,,,1,paczka
Wkręty GLASROC F (Ridurit) ,RIGIPS,paczka,3.1,3.5,50,,,,,1,paczka
Wkręty GLASROC F (Ridurit) ,RIGIPS,paczka,3.2,3.5,58,,,,,1,paczka
Wkręty GLASROC F (Ridurit) ,RIGIPS,paczka,2.34,3.5,70,,,,,1,paczka
Wkręty Rigidur,RIGIPS,paczka,1.8,3.9,19,,,,,1,paczka
Wkręty Rigidur,RIGIPS,paczka,1.9,3.9,22,,,,,1,paczka
Wkręty Rigidur,RIGIPS,paczka,2,3.5,30,,,,,1,paczka
Wkręty Rigidur,RIGIPS,paczka,2.15,3.5,40,,,,,1,paczka
Wkręty Rigidur,RIGIPS,paczka,2.3,3.5,50,,,,,1,paczka
Wkręty „Pchełki”,RIGIPS,paczka,1.3,3.9,11,,,,,1,paczka
Wkręty „Pchełki”,RIGIPS,paczka,1.3,3.5,10,,,,,1,paczka
Wkręty „Pchełki”,RIGIPS,BST,0.13,3.9,11,,,,,1,paczka
Wkręty „płyta – płyta”,RIGIPS,paczka,2,5.5,38,,,,,1,paczka
Wkręty Aquaroc Interior HB ,RIGIPS,paczka,1,3.5,25,,,,,1,paczka
Wkręty Aquaroc Interior HB ,RIGIPS,paczka,2,3.5,41,,,,,1,paczka
Wkręty HartFix ,RIGIPS,paczka,1.8,3.9,25,,,,,1,paczka
Wkręty HartFix ,RIGIPS,paczka,2.2,3.9,35,,,,,1,paczka
Wkręty Habito,RIGIPS,paczka,1.9,4.2,41,,,,,1,paczka
Wkręty RIGITONE,RIGIPS,paczka,0.8,3.5,30,,,,,1,paczka
Kołek wbijany z kapturkiem ,RIGIPS,paczka,0.92,6,40,,,,,1,paczka
Kołek wbijany z kapturkiem ,RIGIPS,paczka,0.62,6,60,,,,,1,paczka
Kołek wbijany z kapturkiem ,RIGIPS,BST,0.15,6,40,,,,,1,paczka
Kołek wbijany z kapturkiem ,RIGIPS,BST,0.17,6,60,,,,,1,paczka
Kołek wbijany  ,RIGIPS,paczka,0.7,6,80,,,,,1,paczka
Kołek wbijany  ,RIGIPS,paczka,0.75,8,60,,,,,1,paczka
Kołek wbijany  ,RIGIPS,paczka,0.79,8,80,,,,,1,paczka
Kołek wbijany  ,RIGIPS,paczka,0.85,8,100,,,,,1,paczka
Dybel sufitowy stalowy,RIGIPS,paczka,1.2,6,40,,,,,1,paczka
Dybel sufitowy stalowy,RIGIPS,paczka,1.66,6,65,,,,,1,paczka
Dybel sufitowy stalowy,RIGIPS,BST,0.15,6,40,,,,,1,paczka
Taśma uszczelniająca piankowa RIGIPS,RIGIPS,szt,0.18,,30000,30,,3,,1,paczka
Taśma uszczelniająca piankowa RIGIPS,RIGIPS,szt,0.22,,30000,50,,3,,1,paczka
Taśma uszczelniająca piankowa RIGIPS,RIGIPS,szt,0.33,,30000,70,,3,,1,paczka
Taśma uszczelniająca piankowa RIGIPS,RIGIPS,szt,0.41,,30000,95,,3,,1,paczka
FibaTape – siatka spoinowa samoprzylepna RIGIPS,RIGIPS,szt,0.06,,20000,48,,,,1,paczka
FibaTape – siatka spoinowa samoprzylepna RIGIPS,RIGIPS,szt,0.28,,90000,48,,,,1,paczka
FibaTape – siatka reperacyjna RIGIPS,RIGIPS,szt,0.2,,20000,150,,,,1,paczka
Taśma spoinowa szklana RIGIPS,RIGIPS,szt,0.04,,25000,50,,,,1,paczka
Taśma spoinowa szklana RIGIPS,RIGIPS,szt,0.08,,50000,50,,,,1,paczka
Taśma spoinowa papierowa RIGIPS,RIGIPS,szt,0.7,,75000,50,,,,1,paczka
Taśma samoprzylepna RIGIPS do spoin ślizgowych,RIGIPS,szt,0.4,,60000,50,,,,1,paczka
Taśma spoinowa Aquaroc (odporna na związki alkaliczne) ,RIGIPS,szt,0.06,,20000,48,,,,1,paczka
FibaTape – siatka spoinowa samoprzylepna RIGIPS Mold-X(Hydro) do płyt Glasroc H Ocean,RIGIPS,szt,0.31,,90000,48,,,,1,paczka
Specjalna taśma narożnikowa NO-COAT® z rdzeniem z kopolimeru,RIGIPS,szt,1.82,,30000,83,,,,1,paczka
Specjalna taśma narożnikowa AquaBead® z rdzeniem z kopolimeru,RIGIPS,szt,2,,25000,83,,,,1,paczka
Taśma dwustronna samoprzylepna RIGIPS do klejenia paroizolacji do profili ULTRASTIL®,RIGIPS,szt,0.2,,25000,50,,,,1,paczka
Profil Decoline 100,RIGIPS,szt,2.2,,3000,,,,,1,paczka
Narożnik aluminiowy ,RIGIPS,szt,0.1,,2500,23,23,0.35,,1,paczka
Narożnik aluminiowy ,RIGIPS,szt,0.12,,3000,23,23,0.35,,1,paczka
Narożnik aluminiowy ,RIGIPS,szt,0.13,,2500,30,30,0.4,,1,paczka
Narożnik aluminiowy ,RIGIPS,szt,0.15,,3000,30,30,0.4,,1,paczka
Półnarożnik aluminiowy,RIGIPS,szt,0.08,,2500,22,13,,,1,paczka
Półnarożnik aluminiowy,RIGIPS,szt,0.1,,3000,22,13,,,1,paczka
Narożnik aluminiowy z siatką,RIGIPS,szt,0.15,,2500,72,72,,,1,paczka
Narożnik aluminiowy z siatką,RIGIPS,szt,0.18,,3000,72,72,,,1,paczka
Profil krawędziowy PCV do płyty,RIGIPS,szt,0.2,,2500,,,,,1,paczka
Profil krawędziowy PCV do płyty,RIGIPS,szt,0.24,,3000,,,,,1,paczka
Spray zabezpieczający C3/C5M,RIGIPS,szt,0.5,,,,,,,,
Drzwiczki rewizyjn GKBI Ściana/Sufit,RIGIPS,szt,1.2,,,200,200,,,,
Drzwiczki rewizyjn GKBI Ściana/Sufit,RIGIPS,szt,1.3,,,300,300,,,,
Drzwiczki rewizyjn GKBI Ściana/Sufit,RIGIPS,szt,1.4,,,400,400,,,,
Drzwiczki rewizyjn GKBI Ściana/Sufit,RIGIPS,szt,1.5,,,500,500,,,,
Drzwiczki rewizyjn GKBI Ściana/Sufit,RIGIPS,szt,2,,,600,600,,,,
Drzwiczki rewizyjne GKBI RAL 9003 Ściana/Sufit,RIGIPS,szt,1.2,,,200,200,,,,
Drzwiczki rewizyjne GKBI RAL 9003 Ściana/Sufit,RIGIPS,szt,1.3,,,300,300,,,,
Drzwiczki rewizyjne GKBI RAL 9003 Ściana/Sufit,RIGIPS,szt,1.4,,,400,400,,,,
Drzwiczki rewizyjne GKBI RAL 9003 Ściana/Sufit,RIGIPS,szt,1.5,,,500,500,,,,
Drzwiczki rewizyjne GKBI RAL 9003 Ściana/Sufit,RIGIPS,szt,2,,,600,600,,,,
Drzwiczki rewizyjne GKBI Ściana/Sufit,RIGIPS,szt,1.2,,,200,200,,,,
Drzwiczki rewizyjne GKBI Ściana/Sufit,RIGIPS,szt,1.3,,,300,300,,,,
Drzwiczki rewizyjne GKBI Ściana/Sufit,RIGIPS,szt,1.4,,,400,400,,,,
Drzwiczki rewizyjne GKBI Ściana/Sufit,RIGIPS,szt,1.5,,,500,500,,,,
Drzwiczki rewizyjne GKBI Ściana/Sufit,RIGIPS,szt,2,,,600,600,,,,
NO-COAT Dozownik masy Double Barrel Hopper ,RIGIPS,szt,1,,,,,,,,
Rolka do narożników wewnętrznych ,RIGIPS,szt,1,,,,,,,,
Rolka do narożników zewnętrznych ,RIGIPS,szt,1,,,,,,,,
Rolka do narożników jednostronna ,RIGIPS,szt,1,,,,,,,,
Drewniany uchwyt do rolek,RIGIPS,szt,1,,1500,,,,,,
Ostrze do BLADE RUNNER 6 szt./pak ,RIGIPS,paczka,0.15,,,,,,,,
RIGITONE zestaw do spoinowania Vario,RIGIPS,szt,3,,,,,,,,
RIGITONE pistolet do masy gotowej RIGITONE Mix,RIGIPS,szt,1,,,,,,,,
Dysza do spoinowania płyt RIGITONE masą Vario lub RIGITONE Mix,RIGIPS,szt,0.1,,,,,,,,
Adapter do pistoletu do dyszy RIGITONE,RIGIPS,szt,0.1,,,,,,,,
RIGITONE ustawiacze do płyt 8/18 ,RIGIPS,KRT,0.2,,,,,,,,
RIGITONE ustawiacze do płyt 8-15-20 ,RIGIPS,KRT,0.2,,,,,,,,
RIGITONE ustawiacze do płyt 12/25 ,RIGIPS,KRT,0.2,,,,,,,,
Klapa rewizyjna p.poż EI30,RIGIPS,szt,13,,,200,200,,,,
Klapa rewizyjna p.poż EI30,RIGIPS,szt,15,,,250,250,,,,
Klapa rewizyjna p.poż EI30,RIGIPS,szt,16,,,250,300,,,,
Klapa rewizyjna p.poż EI30,RIGIPS,szt,18,,,300,300,,,,
Klapa rewizyjna p.poż EI30,RIGIPS,szt,20,,,350,450,,,,
Klapa rewizyjna p.poż EI30,RIGIPS,szt,20,,,400,400,,,,
Klapa rewizyjna p.poż EI30,RIGIPS,szt,25,,,500,500,,,,
Klapa rewizyjna p.poż EI30,RIGIPS,szt,30,,,600,600,,,,
Klapa rewizyjna p.poż EI30,RIGIPS,szt,40,,,600,800,,,,
Klapa rewizyjna p.poż EI30,RIGIPS,szt,50,,,800,800,,,,
Klapa rewizyjna p.poż EI60,RIGIPS,szt,13.5,,,200,200,,,,
Klapa rewizyjna p.poż EI60,RIGIPS,szt,15.5,,,250,250,,,,
Klapa rewizyjna p.poż EI60,RIGIPS,szt,16.5,,,250,300,,,,
Klapa rewizyjna p.poż EI60,RIGIPS,szt,18.5,,,300,300,,,,
Klapa rewizyjna p.poż EI60,RIGIPS,szt,20.5,,,350,450,,,,
Klapa rewizyjna p.poż EI60,RIGIPS,szt,20.5,,,400,400,,,,
Klapa rewizyjna p.poż EI60,RIGIPS,szt,25.5,,,500,500,,,,
Klapa rewizyjna p.poż EI60,RIGIPS,szt,30.5,,,600,600,,,,
Klapa rewizyjna p.poż EI60,RIGIPS,szt,40.5,,,600,800,,,,
Klapa rewizyjna p.poż EI60,RIGIPS,szt,50.5,,,800,800,,,,
Klapa rewizyjna p.poż EI120,RIGIPS,szt,14,,,200,200,,,,
Klapa rewizyjna p.poż EI120,RIGIPS,szt,16,,,250,250,,,,
Klapa rewizyjna p.poż EI120,RIGIPS,szt,17,,,250,300,,,,
Klapa rewizyjna p.poż EI120,RIGIPS,szt,19,,,300,300,,,,
Klapa rewizyjna p.poż EI120,RIGIPS,szt,21,,,250,450,,,,
Klapa rewizyjna p.poż EI120,RIGIPS,szt,21,,,400,400,,,,
Klapa rewizyjna p.poż EI120,RIGIPS,szt,26,,,500,500,,,,
Klapa rewizyjna p.poż EI120,RIGIPS,szt,31,,,600,600,,,,
Klapa rewizyjna p.poż EI120,RIGIPS,szt,41,,,600,800,,,,
Klapa rewizyjna p.poż EI120,RIGIPS,szt,51,,,800,800,,,,
Profil sufitowy CD Standard PER,BAUDISCOUNT PROFILE & TROCKENBAU ZUBEHÖR,M,,,,,,0.5,,,
Profil sufitowy przyścienny UD Standard PER,BAUDISCOUNT PROFILE & TROCKENBAU ZUBEHÖR,M,,,,,,0.5,,,
Profil ścienny ,BAUDISCOUNT PROFILE & TROCKENBAU ZUBEHÖR,M,,,,,,0.5,,,
Profil ścienny ,BAUDISCOUNT PROFILE & TROCKENBAU ZUBEHÖR,M,,,,,,0.5,,,
Profil ścienny ,BAUDISCOUNT PROFILE & TROCKENBAU ZUBEHÖR,M,,,,,,0.5,,,
Profil ścienny ,BAUDISCOUNT PROFILE & TROCKENBAU ZUBEHÖR,M,,,,,,0.5,,,
Profil ścienny ,BAUDISCOUNT PROFILE & TROCKENBAU ZUBEHÖR,M,,,,,,0.5,,,
Profil ścienny ,BAUDISCOUNT PROFILE & TROCKENBAU ZUBEHÖR,M,,,,,,0.5,,,
PVC GEWEBE-ECKSCHUTZ-SCHIENE listwa naroznikowa z siatka plastikowa,BAUDISCOUNT PROFILE & TROCKENBAU ZUBEHÖR,szt,,,2500,20,,,,1,paczka
PVC GEWEBE-ECKSCHUTZ-SCHIENE listwa naroznikowa z siatka plastikowa,BAUDISCOUNT PROFILE & TROCKENBAU ZUBEHÖR,szt,,,3000,20,,,,1,paczka
PVC GEWEBE-ECKSCHUTZ-SCHIENE listwa naroznikowa z siatka plastikowa,BAUDISCOUNT PROFILE & TROCKENBAU ZUBEHÖR,szt,,,2500,25,,,,1,paczka
PVC GEWEBE-ECKSCHUTZ-SCHIENE listwa naroznikowa z siatka plastikowa,BAUDISCOUNT PROFILE & TROCKENBAU ZUBEHÖR,szt,,,3000,25,,,,1,paczka
ALU SOCKELPROFIL / SOCKELSCHIENEN ,BAUDISCOUNT PROFILE & TROCKENBAU ZUBEHÖR,szt,,,2500,50,,,,1,paczka
ALU SOCKELPROFIL / SOCKELSCHIENEN ,BAUDISCOUNT PROFILE & TROCKENBAU ZUBEHÖR,szt,,,2500,60,,,,1,paczka
ALU SOCKELPROFIL / SOCKELSCHIENEN ,BAUDISCOUNT PROFILE & TROCKENBAU ZUBEHÖR,szt,,,2500,80,,,,1,paczka
ALU SOCKELPROFIL / SOCKELSCHIENEN ,BAUDISCOUNT PROFILE & TROCKENBAU ZUBEHÖR,szt,,,2500,100,,,,1,paczka
ALU SOCKELPROFIL / SOCKELSCHIENEN ,BAUDISCOUNT PROFILE & TROCKENBAU ZUBEHÖR,szt,,,2500,120,,,,1,paczka
ALU SOCKELPROFIL / SOCKELSCHIENEN ,BAUDISCOUNT PROFILE & TROCKENBAU ZUBEHÖR,szt,,,2500,140,,,,1,paczka
ALU SOCKELPROFIL / SOCKELSCHIENEN ,BAUDISCOUNT PROFILE & TROCKENBAU ZUBEHÖR,szt,,,2500,150,,,,1,paczka
ALU SOCKELPROFIL / SOCKELSCHIENEN ,BAUDISCOUNT PROFILE & TROCKENBAU ZUBEHÖR,szt,,,2500,180,,,,1,paczka
ALU SOCKELPROFIL / SOCKELSCHIENEN ,BAUDISCOUNT PROFILE & TROCKENBAU ZUBEHÖR,szt,,,2500,200,,,,1,paczka
ANPUTZLEISTE – LEIBUNGSPROFIL / FENSTER/TÜR-ANPUTZLEISTE listwa okienna/drzwiowa z siatka,BAUDISCOUNT PROFILE & TROCKENBAU ZUBEHÖR,szt,,,,2500,,,,,
ANPUTZLEISTE – LEIBUNGSPROFIL / FENSTER/TÜR-ANPUTZLEISTE listwa okienna/drzwiowa z siatka,BAUDISCOUNT PROFILE & TROCKENBAU ZUBEHÖR,szt,,,,3000,,,,,
SOCKELABSCHLUSSPROFIL PVC / EINSCHUBPROFIL listwa cokolowa z siatka,BAUDISCOUNT PROFILE & TROCKENBAU ZUBEHÖR,szt,,,,2500,,,,,
SOCKELABSCHLUSSPROFIL PVC / EINSCHUBPROFIL listwa cokolowa z siatka,BAUDISCOUNT PROFILE & TROCKENBAU ZUBEHÖR,szt,,,,3000,,,,,
DÄMMSTOFFDÜBEL (SCHLAGDÜBEL) MIT KUNSTSTOFFDORN kolek plastikowy z ETA,Wkręt-met,szt,,10,120,,,,,1,paczka
DÄMMSTOFFDÜBEL (SCHLAGDÜBEL) MIT KUNSTSTOFFDORN kolek plastikowy z ETA,Wkręt-met,szt,,10,140,,,,,1,paczka
DÄMMSTOFFDÜBEL (SCHLAGDÜBEL) MIT KUNSTSTOFFDORN kolek plastikowy z ETA,Wkręt-met,szt,,10,160,,,,,1,paczka
DÄMMSTOFFDÜBEL (SCHLAGDÜBEL) MIT KUNSTSTOFFDORN kolek plastikowy z ETA,Wkręt-met,szt,,10,180,,,,,1,paczka
DÄMMSTOFFDÜBEL (SCHLAGDÜBEL) MIT KUNSTSTOFFDORN kolek plastikowy z ETA,Wkręt-met,szt,,10,200,,,,,1,paczka
DÄMMSTOFFDÜBEL (SCHLAGDÜBEL) MIT KUNSTSTOFFDORN kolek plastikowy z ETA,Wkręt-met,szt,,10,220,,,,,1,paczka
DÄMMSTOFFDÜBEL (SCHLAGDÜBEL) MIT KUNSTSTOFFDORN kolek plastikowy z ETA,Wkręt-met,szt,,10,260,,,,,1,paczka
RONDELL FRÄSER FÜR EPS DÄMMPLATTEN,Wkręt-met,szt,,66.7,,,,,,1,szt
RONDELLE / STOPFEN EPS STYROPOR,Wkręt-met,szt,,,,,,,,1,paczka
RONDELLE / STOPFEN EPS STYROPOR,Wkręt-met,szt,,,,,,,,1,paczka
RONDELLE / STOPFEN STEINWOLLE,Wkręt-met,szt,,67,,,,17,,1,paczka
Soudafoam Classic Gun,Soudal,szt,,,,,,,,1,paczka
DÄMMSTOFFDÜBEL (SCHRAUBDÜBEL) METALLDORN  kolki wkrecane ze stalowym trzpieniem,Wkręt-met,szt,,8,95,,,,,1,paczka
DÄMMSTOFFDÜBEL (SCHRAUBDÜBEL) METALLDORN  kolki wkrecane ze stalowym trzpieniem,Wkręt-met,szt,,8,115,,,,,1,paczka
DÄMMSTOFFDÜBEL (SCHRAUBDÜBEL) METALLDORN  kolki wkrecane ze stalowym trzpieniem,Wkręt-met,szt,,8,135,,,,,1,paczka
DÄMMSTOFFDÜBEL (SCHRAUBDÜBEL) METALLDORN  kolki wkrecane ze stalowym trzpieniem,Wkręt-met,szt,,8,155,,,,,1,paczka
DÄMMSTOFFDÜBEL (SCHRAUBDÜBEL) METALLDORN  kolki wkrecane ze stalowym trzpieniem,Wkręt-met,szt,,8,175,,,,,1,paczka
DÄMMSTOFFDÜBEL (SCHRAUBDÜBEL) METALLDORN  kolki wkrecane ze stalowym trzpieniem,Wkręt-met,szt,,8,195,,,,,1,paczka
DÄMMSTOFFDÜBEL (SCHRAUBDÜBEL) METALLDORN  kolki wkrecane ze stalowym trzpieniem,Wkręt-met,szt,,8,215,,,,,1,paczka
DÄMMSTOFFDÜBEL (SCHRAUBDÜBEL) METALLDORN  kolki wkrecane ze stalowym trzpieniem,Wkręt-met,szt,,8,235,,,,,1,paczka
DÄMMSTOFFDÜBEL (SCHRAUBDÜBEL) METALLDORN  kolki wkrecane ze stalowym trzpieniem,Wkręt-met,szt,,8,255,,,,,1,paczka
DÄMMSTOFFDÜBEL (SCHRAUBDÜBEL) METALLDORN  kolki wkrecane ze stalowym trzpieniem,Wkręt-met,szt,,8,275,,,,,1,paczka
DÄMMSTOFFDÜBEL (SCHRAUBDÜBEL) METALLDORN  kolki wkrecane ze stalowym trzpieniem,Wkręt-met,szt,,8,295,,,,,1,paczka
ISOLIGHT,ISOROC,M3,,,500,1000,,50,,,
ISOLIGHT,ISOROC,M3,,,500,1000,,75,,,
ISOLIGHT,ISOROC,M3,,,500,1000,,100,,,
ISOLIGHT,ISOROC,M3,,,500,1000,,120,,,
ISOLIGHT,ISOROC,M3,,,500,1000,,140,,,
ISOLIGHT,ISOROC,M3,,,500,1000,,150,,,
ISOLIGHT,ISOROC,M3,,,500,1000,,160,,,
ISOLIGHT,ISOROC,M3,,,500,1000,,180,,,
ISOLIGHT,ISOROC,M3,,,500,1000,,200,,,
ISOLIGHT,ISOROC,M3,,,600,1000,,50,,,
ISOLIGHT,ISOROC,M3,,,600,1000,,75,,,
ISOLIGHT,ISOROC,M3,,,600,1000,,100,,,
ISOLIGHT,ISOROC,M3,,,600,1000,,120,,,
ISOLIGHT,ISOROC,M3,,,600,1000,,140,,,
ISOLIGHT,ISOROC,M3,,,600,1000,,150,,,
ISOLIGHT,ISOROC,M3,,,600,1000,,160,,,
ISOLIGHT,ISOROC,M3,,,600,1000,,180,,,
ISOLIGHT,ISOROC,M3,,,600,1000,,200,,,
ISOLIGHT,ISOROC,M3,,,500,1000,,50,,,
ISOLIGHT,ISOROC,M3,,,500,1000,,75,,,
ISOLIGHT,ISOROC,M3,,,500,1000,,100,,,
ISOLIGHT,ISOROC,M3,,,500,1000,,120,,,
ISOLIGHT,ISOROC,M3,,,500,1000,,140,,,
ISOLIGHT,ISOROC,M3,,,500,1000,,150,,,
ISOLIGHT,ISOROC,M3,,,500,1000,,160,,,
ISOLIGHT,ISOROC,M3,,,500,1000,,180,,,
ISOLIGHT,ISOROC,M3,,,500,1000,,200,,,
ISOLIGHT,ISOROC,M3,,,600,1000,,50,,,
ISOLIGHT,ISOROC,M3,,,600,1000,,75,,,
ISOLIGHT,ISOROC,M3,,,600,1000,,100,,,
ISOLIGHT,ISOROC,M3,,,600,1000,,120,,,
ISOLIGHT,ISOROC,M3,,,600,1000,,140,,,
ISOLIGHT,ISOROC,M3,,,600,1000,,150,,,
ISOLIGHT,ISOROC,M3,,,600,1000,,160,,,
ISOLIGHT,ISOROC,M3,,,600,1000,,180,,,
ISOLIGHT,ISOROC,M3,,,600,1000,,200,,,
ISOFAS,ISOROC,M3,,,600,50,,1000,,,
ISOFAS,ISOROC,M3,,,600,60,,1000,,,
ISOFAS,ISOROC,M3,,,600,70,,1000,,,
ISOFAS,ISOROC,M3,,,600,80,,1000,,,
ISOFAS,ISOROC,M3,,,600,100,,1000,,,
ISOFAS,ISOROC,M3,,,600,120,,1000,,,
ISOFAS,ISOROC,M3,,,600,130,,1000,,,
ISOFAS,ISOROC,M3,,,600,140,,1000,,,
ISOFAS,ISOROC,M3,,,600,150,,1000,,,
ISOFAS,ISOROC,M3,,,600,160,,1000,,,
ISOFAS,ISOROC,M3,,,600,170,,1000,,,
ISOFAS,ISOROC,M3,,,600,180,,1000,,,
ISOFAS,ISOROC,M3,,,600,200,,1000,,,
ISOFAS,ISOROC,M3,,,600,1000,,50,,,
ISOFAS,ISOROC,M3,,,600,1000,,60,,,
ISOFAS,ISOROC,M3,,,600,1000,,70,,,
ISOFAS,ISOROC,M3,,,600,1000,,80,,,
ISOFAS,ISOROC,M3,,,600,1000,,100,,,
ISOFAS,ISOROC,M3,,,600,1000,,120,,,
ISOFAS,ISOROC,M3,,,600,1000,,130,,,
ISOFAS,ISOROC,M3,,,600,1000,,140,,,
ISOFAS,ISOROC,M3,,,600,1000,,150,,,
ISOFAS,ISOROC,M3,,,600,1000,,160,,,
ISOFAS,ISOROC,M3,,,600,1000,,170,,,
ISOFAS,ISOROC,M3,,,600,1000,,180,,,
ISOFAS,ISOROC,M3,,,600,1000,,200,,,
FRONTROCK S,ROCKWOOL,M2,,,1000,600,,20,paczka,1,pełna paleta
FRONTROCK S,ROCKWOOL,M2,,,1000,600,,30,paczka,1,pełna paleta
FRONTROCK S,ROCKWOOL,M2,,,1000,600,,30,paczka,1,pełna paleta
FRONTROCK S,ROCKWOOL,M2,,,1000,600,,20,paczka,1,pełna paleta
Thermano TOP,Balex,M2,,,2400,1200,,140,,1,paczka
Thermano TOP,Balex,M2,,,2400,1200,,125,,1,paczka
Thermano TOP,Balex,M2,,,2400,1200,,120,,1,paczka
Thermano TOP,Balex,M2,,,2400,1200,,100,,1,paczka
Thermano TOP,Balex,M2,,,2400,1200,,80,,1,paczka
Thermano TOP,Balex,M2,,,2400,1200,,60,,1,paczka
Thermano TOP,Balex,M2,,,2400,1200,,50,,1,paczka
Thermano TOP,Balex,M2,,,2400,1200,,40,,1,paczka
Thermano TOP,Balex,M2,,,2400,1200,,140,,1,paczka
Thermano TOP,Balex,M2,,,2400,1200,,125,,1,paczka
Thermano TOP,Balex,M2,,,2400,1200,,120,,1,paczka
Thermano TOP,Balex,M2,,,2400,1200,,100,,1,paczka
Thermano TOP,Balex,M2,,,2400,1200,,80,,1,paczka
Thermano TOP,Balex,M2,,,2400,1200,,60,,1,paczka
Thermano TOP,Balex,M2,,,2400,1200,,50,,1,paczka
Thermano TOP,Balex,M2,,,2400,1200,,40,,1,paczka